model,stream,layer,n,rho_mean,rho_p95,rho_max,varhet_mean,varhet_p95
llama-3.2-1b,Q,0,1024,0.320650,0.758281,0.957574,0.800331,2.288887
llama-3.2-1b,Q,1,1024,0.188316,0.513443,0.869061,0.586574,1.622996
llama-3.2-1b,Q,2,1024,0.141722,0.384550,0.821259,0.460621,1.480073
llama-3.2-1b,Q,3,1024,0.153741,0.397862,0.707192,0.491823,1.617033
llama-3.2-1b,Q,4,1024,0.159918,0.423426,0.776366,0.451793,1.358549
llama-3.2-1b,Q,5,1024,0.149131,0.403067,0.767135,0.430723,1.233966
llama-3.2-1b,Q,6,1024,0.167354,0.452435,0.832946,0.471932,1.596528
llama-3.2-1b,Q,7,1024,0.147960,0.372221,0.759888,0.391707,1.165773
llama-3.2-1b,Q,8,1024,0.130777,0.345578,0.801117,0.382378,1.177984
llama-3.2-1b,Q,9,1024,0.157334,0.391338,0.659695,0.454413,1.299026
llama-3.2-1b,Q,10,1024,0.143084,0.369790,0.540222,0.394695,1.059595
llama-3.2-1b,Q,11,1024,0.136639,0.354337,0.780562,0.406027,1.210048
llama-3.2-1b,Q,12,1024,0.146768,0.394653,0.699907,0.428909,1.296560
llama-3.2-1b,Q,13,1024,0.147297,0.382923,0.644665,0.408617,1.105397
llama-3.2-1b,Q,14,1024,0.174808,0.439095,0.717354,0.419014,1.075821
llama-3.2-1b,Q,15,1024,0.167438,0.431314,0.873614,0.472122,1.332614
llama-3.2-1b,K,0,256,0.297446,0.763359,0.902983,0.858292,2.476486
llama-3.2-1b,K,1,256,0.182634,0.577017,0.795072,0.665812,1.799360
llama-3.2-1b,K,2,256,0.133658,0.382725,0.781316,0.423070,1.278074
llama-3.2-1b,K,3,256,0.166165,0.526490,0.840760,0.606700,1.778311
llama-3.2-1b,K,4,256,0.171485,0.461562,0.800785,0.552767,1.744079
llama-3.2-1b,K,5,256,0.149561,0.551414,0.832363,0.535328,1.641061
llama-3.2-1b,K,6,256,0.154313,0.448787,0.872659,0.617803,1.753249
llama-3.2-1b,K,7,256,0.171619,0.527303,0.659933,0.518991,1.385050
llama-3.2-1b,K,8,256,0.144128,0.402873,0.787490,0.537799,1.467221
llama-3.2-1b,K,9,256,0.167405,0.468033,0.828439,0.591935,1.665459
llama-3.2-1b,K,10,256,0.152820,0.439818,0.749848,0.464246,1.237054
llama-3.2-1b,K,11,256,0.180412,0.548228,0.932151,0.609867,1.786782
llama-3.2-1b,K,12,256,0.159635,0.443301,0.699408,0.539512,1.367124
llama-3.2-1b,K,13,256,0.154939,0.448708,0.673876,0.523899,1.654770
llama-3.2-1b,K,14,256,0.155430,0.394273,0.707364,0.549626,1.479639
llama-3.2-1b,K,15,256,0.164564,0.460280,0.778709,0.642481,1.791257
llama-3.2-1b-instruct,Q,0,1024,0.332740,0.776708,0.954417,0.832354,2.432386
llama-3.2-1b-instruct,Q,1,1024,0.181826,0.489157,0.825375,0.584630,1.625057
llama-3.2-1b-instruct,Q,2,1024,0.144954,0.387835,0.811939,0.452717,1.435855
llama-3.2-1b-instruct,Q,3,1024,0.159595,0.424479,0.750710,0.494259,1.558790
llama-3.2-1b-instruct,Q,4,1024,0.161826,0.432508,0.785979,0.452763,1.320504
llama-3.2-1b-instruct,Q,5,1024,0.149103,0.400183,0.758050,0.424411,1.215692
llama-3.2-1b-instruct,Q,6,1024,0.168390,0.450604,0.817579,0.471070,1.557593
llama-3.2-1b-instruct,Q,7,1024,0.144102,0.366427,0.707006,0.377192,1.139115
llama-3.2-1b-instruct,Q,8,1024,0.128985,0.348570,0.827422,0.375514,1.140816
llama-3.2-1b-instruct,Q,9,1024,0.154999,0.386624,0.622335,0.443031,1.283338
llama-3.2-1b-instruct,Q,10,1024,0.136778,0.353051,0.555834,0.376845,1.055820
llama-3.2-1b-instruct,Q,11,1024,0.135550,0.353475,0.764806,0.397374,1.211337
llama-3.2-1b-instruct,Q,12,1024,0.143555,0.388729,0.669244,0.421617,1.285687
llama-3.2-1b-instruct,Q,13,1024,0.145127,0.382785,0.632760,0.397521,1.124595
llama-3.2-1b-instruct,Q,14,1024,0.166879,0.418689,0.709948,0.396652,1.105516
llama-3.2-1b-instruct,Q,15,1024,0.161447,0.410270,0.896419,0.455563,1.330868
llama-3.2-1b-instruct,K,0,256,0.296995,0.757356,0.909297,0.870301,2.578551
llama-3.2-1b-instruct,K,1,256,0.182486,0.578021,0.798022,0.671644,1.825186
llama-3.2-1b-instruct,K,2,256,0.132203,0.396331,0.782684,0.423173,1.313124
llama-3.2-1b-instruct,K,3,256,0.172080,0.522161,0.832326,0.606500,1.772808
llama-3.2-1b-instruct,K,4,256,0.168991,0.496465,0.790835,0.549760,1.741293
llama-3.2-1b-instruct,K,5,256,0.151395,0.523206,0.823337,0.525947,1.546645
llama-3.2-1b-instruct,K,6,256,0.154559,0.473227,0.867400,0.600572,1.765555
llama-3.2-1b-instruct,K,7,256,0.162650,0.491975,0.688298,0.496190,1.322269
llama-3.2-1b-instruct,K,8,256,0.148567,0.414902,0.788001,0.502434,1.360447
llama-3.2-1b-instruct,K,9,256,0.164940,0.482512,0.797206,0.560372,1.553716
llama-3.2-1b-instruct,K,10,256,0.152419,0.413402,0.753221,0.449963,1.264308
llama-3.2-1b-instruct,K,11,256,0.172053,0.536629,0.926664,0.579207,1.643604
llama-3.2-1b-instruct,K,12,256,0.154638,0.423230,0.683413,0.512164,1.366184
llama-3.2-1b-instruct,K,13,256,0.152564,0.448260,0.649060,0.489166,1.571206
llama-3.2-1b-instruct,K,14,256,0.145963,0.403057,0.653845,0.517363,1.438277
llama-3.2-1b-instruct,K,15,256,0.156511,0.452640,0.785202,0.605882,1.799943
llama-3.2-3b,Q,0,1536,0.377718,0.850303,0.999866,0.931724,2.506160
llama-3.2-3b,Q,1,1536,0.232729,0.663960,0.952602,0.914911,2.594552
llama-3.2-3b,Q,2,1536,0.131190,0.375236,0.937903,0.428103,1.414616
llama-3.2-3b,Q,3,1536,0.136850,0.350725,0.940991,0.408325,1.298971
llama-3.2-3b,Q,4,1536,0.153321,0.407466,0.898908,0.469721,1.453402
llama-3.2-3b,Q,5,1536,0.142422,0.410147,0.899293,0.381122,1.147955
llama-3.2-3b,Q,6,1536,0.135341,0.353911,0.894963,0.375446,1.111235
llama-3.2-3b,Q,7,1536,0.131391,0.370964,0.837950,0.364344,1.101927
llama-3.2-3b,Q,8,1536,0.142089,0.396524,0.795321,0.379709,1.177570
llama-3.2-3b,Q,9,1536,0.128712,0.375790,0.816999,0.361160,1.079316
llama-3.2-3b,Q,10,1536,0.129870,0.352399,0.713171,0.341734,0.937428
llama-3.2-3b,Q,11,1536,0.123156,0.316144,0.662006,0.377139,1.098474
llama-3.2-3b,Q,12,1536,0.114511,0.306011,0.715221,0.311157,0.861988
llama-3.2-3b,Q,13,1536,0.120673,0.314281,0.860873,0.330381,0.925303
llama-3.2-3b,Q,14,1536,0.127932,0.324488,0.704949,0.361070,0.989919
llama-3.2-3b,Q,15,1536,0.137555,0.373052,0.780609,0.360494,1.047185
llama-3.2-3b,Q,16,1536,0.121195,0.326822,0.805055,0.336447,0.926944
llama-3.2-3b,Q,17,1536,0.133626,0.394499,0.860271,0.367326,1.105665
llama-3.2-3b,Q,18,1536,0.116025,0.303831,0.813953,0.329784,0.951810
llama-3.2-3b,Q,19,1536,0.119292,0.319932,0.765363,0.357080,1.132771
llama-3.2-3b,Q,20,1536,0.118190,0.322591,0.763960,0.318639,0.982921
llama-3.2-3b,Q,21,1536,0.117470,0.323420,0.866333,0.319506,0.950117
llama-3.2-3b,Q,22,1536,0.114021,0.328101,0.873700,0.314003,0.984763
llama-3.2-3b,Q,23,1536,0.122081,0.314421,0.861563,0.326608,0.971623
llama-3.2-3b,Q,24,1536,0.112931,0.300617,0.760332,0.319617,0.915062
llama-3.2-3b,Q,25,1536,0.107639,0.309045,0.844398,0.288807,0.954490
llama-3.2-3b,Q,26,1536,0.142876,0.374521,0.822341,0.365573,1.028749
llama-3.2-3b,Q,27,1536,0.156326,0.419914,0.890238,0.514319,1.627534
llama-3.2-3b,K,0,512,0.346186,0.817653,0.998482,1.075960,2.947138
llama-3.2-3b,K,1,512,0.223205,0.789646,0.975300,1.222521,3.097480
llama-3.2-3b,K,2,512,0.135732,0.443902,0.974954,0.480412,1.585738
llama-3.2-3b,K,3,512,0.153942,0.527122,0.972856,0.537196,1.836442
llama-3.2-3b,K,4,512,0.162009,0.520353,0.978887,0.520589,1.664896
llama-3.2-3b,K,5,512,0.144958,0.465362,0.903167,0.460128,1.488070
llama-3.2-3b,K,6,512,0.153711,0.504508,0.897383,0.493783,1.501425
llama-3.2-3b,K,7,512,0.152758,0.497076,0.850663,0.513638,1.573485
llama-3.2-3b,K,8,512,0.151555,0.470771,0.851558,0.515251,1.571887
llama-3.2-3b,K,9,512,0.145226,0.481843,0.824816,0.569077,1.582537
llama-3.2-3b,K,10,512,0.145819,0.448922,0.763020,0.507467,1.402798
llama-3.2-3b,K,11,512,0.148881,0.437061,0.803428,0.559896,1.545673
llama-3.2-3b,K,12,512,0.156340,0.501430,0.798455,0.477614,1.370224
llama-3.2-3b,K,13,512,0.144658,0.456058,0.731630,0.523000,1.699169
llama-3.2-3b,K,14,512,0.140171,0.391382,0.617069,0.545384,1.626838
llama-3.2-3b,K,15,512,0.156984,0.415002,0.789863,0.502927,1.532730
llama-3.2-3b,K,16,512,0.139585,0.406646,0.807577,0.463206,1.374220
llama-3.2-3b,K,17,512,0.147823,0.422232,0.705817,0.488759,1.394898
llama-3.2-3b,K,18,512,0.145259,0.391948,0.792268,0.440290,1.312399
llama-3.2-3b,K,19,512,0.154010,0.441096,0.839372,0.495654,1.565101
llama-3.2-3b,K,20,512,0.144646,0.410001,0.845962,0.450309,1.452485
llama-3.2-3b,K,21,512,0.142065,0.429521,0.828618,0.411194,1.344603
llama-3.2-3b,K,22,512,0.148664,0.487768,0.910413,0.426292,1.392597
llama-3.2-3b,K,23,512,0.157852,0.466421,0.853071,0.444120,1.356638
llama-3.2-3b,K,24,512,0.153148,0.452615,0.834376,0.438023,1.382528
llama-3.2-3b,K,25,512,0.134361,0.393934,0.864990,0.354385,1.055336
llama-3.2-3b,K,26,512,0.172401,0.465669,0.847121,0.500186,1.416180
llama-3.2-3b,K,27,512,0.160747,0.469694,0.783980,0.533479,1.592509
llama-3.2-3b-instruct,Q,0,1536,0.392202,0.862653,0.999819,0.957645,2.587048
llama-3.2-3b-instruct,Q,1,1536,0.225641,0.654748,0.916390,0.915162,2.524439
llama-3.2-3b-instruct,Q,2,1536,0.130600,0.360222,0.943366,0.417232,1.354768
llama-3.2-3b-instruct,Q,3,1536,0.135735,0.364826,0.943596,0.411424,1.272898
llama-3.2-3b-instruct,Q,4,1536,0.150893,0.386857,0.899956,0.471642,1.524385
llama-3.2-3b-instruct,Q,5,1536,0.144514,0.401718,0.899913,0.386275,1.132171
llama-3.2-3b-instruct,Q,6,1536,0.137026,0.364648,0.881588,0.387527,1.154686
llama-3.2-3b-instruct,Q,7,1536,0.135859,0.398523,0.759725,0.368055,1.101586
llama-3.2-3b-instruct,Q,8,1536,0.146451,0.392011,0.770340,0.385063,1.177973
llama-3.2-3b-instruct,Q,9,1536,0.132513,0.385984,0.787412,0.366226,1.079884
llama-3.2-3b-instruct,Q,10,1536,0.130919,0.343167,0.720689,0.343500,0.925406
llama-3.2-3b-instruct,Q,11,1536,0.130802,0.325342,0.651978,0.376733,1.086382
llama-3.2-3b-instruct,Q,12,1536,0.115584,0.305818,0.705378,0.314317,0.889948
llama-3.2-3b-instruct,Q,13,1536,0.122047,0.316821,0.836846,0.339692,0.939992
llama-3.2-3b-instruct,Q,14,1536,0.126902,0.319902,0.730708,0.357931,0.976983
llama-3.2-3b-instruct,Q,15,1536,0.133663,0.341545,0.788834,0.351267,0.949561
llama-3.2-3b-instruct,Q,16,1536,0.121463,0.337006,0.761480,0.336102,0.960028
llama-3.2-3b-instruct,Q,17,1536,0.129178,0.357980,0.842059,0.361009,1.126660
llama-3.2-3b-instruct,Q,18,1536,0.114447,0.289520,0.806690,0.323528,0.923815
llama-3.2-3b-instruct,Q,19,1536,0.118744,0.305221,0.679058,0.354407,1.116634
llama-3.2-3b-instruct,Q,20,1536,0.114096,0.307905,0.766462,0.308395,0.943967
llama-3.2-3b-instruct,Q,21,1536,0.113506,0.287281,0.857181,0.310958,0.912009
llama-3.2-3b-instruct,Q,22,1536,0.109720,0.302457,0.889374,0.300296,0.958071
llama-3.2-3b-instruct,Q,23,1536,0.122723,0.315648,0.817631,0.325817,0.953188
llama-3.2-3b-instruct,Q,24,1536,0.113854,0.305666,0.713025,0.315046,0.903965
llama-3.2-3b-instruct,Q,25,1536,0.109810,0.300482,0.875402,0.295083,1.029427
llama-3.2-3b-instruct,Q,26,1536,0.139986,0.358776,0.788497,0.360245,0.981515
llama-3.2-3b-instruct,Q,27,1536,0.154224,0.409925,0.890957,0.508383,1.608791
llama-3.2-3b-instruct,K,0,512,0.347450,0.811164,0.999204,1.069856,3.101405
llama-3.2-3b-instruct,K,1,512,0.210285,0.763511,0.962385,1.276317,3.249976
llama-3.2-3b-instruct,K,2,512,0.131328,0.438567,0.977970,0.487872,1.685713
llama-3.2-3b-instruct,K,3,512,0.152595,0.506494,0.980737,0.519731,1.801267
llama-3.2-3b-instruct,K,4,512,0.158896,0.517791,0.977119,0.519003,1.707954
llama-3.2-3b-instruct,K,5,512,0.148275,0.479788,0.884984,0.466518,1.533250
llama-3.2-3b-instruct,K,6,512,0.151197,0.497552,0.884285,0.488317,1.536334
llama-3.2-3b-instruct,K,7,512,0.152769,0.501667,0.836134,0.506470,1.498789
llama-3.2-3b-instruct,K,8,512,0.158293,0.476161,0.868485,0.502238,1.495227
llama-3.2-3b-instruct,K,9,512,0.144369,0.446984,0.852145,0.554232,1.538715
llama-3.2-3b-instruct,K,10,512,0.138023,0.430625,0.726345,0.475247,1.316855
llama-3.2-3b-instruct,K,11,512,0.154763,0.467371,0.783224,0.551423,1.514879
llama-3.2-3b-instruct,K,12,512,0.154279,0.481755,0.821122,0.443824,1.305787
llama-3.2-3b-instruct,K,13,512,0.142054,0.427612,0.753955,0.499428,1.484617
llama-3.2-3b-instruct,K,14,512,0.141492,0.388535,0.669495,0.519744,1.523927
llama-3.2-3b-instruct,K,15,512,0.155327,0.435920,0.822312,0.479434,1.362647
llama-3.2-3b-instruct,K,16,512,0.143407,0.405531,0.782661,0.448707,1.421107
llama-3.2-3b-instruct,K,17,512,0.144715,0.384188,0.744251,0.466620,1.371737
llama-3.2-3b-instruct,K,18,512,0.140002,0.387870,0.843955,0.425026,1.325575
llama-3.2-3b-instruct,K,19,512,0.149857,0.449200,0.852817,0.480081,1.477557
llama-3.2-3b-instruct,K,20,512,0.137944,0.444860,0.854519,0.423153,1.324729
llama-3.2-3b-instruct,K,21,512,0.136132,0.397239,0.837575,0.386537,1.260768
llama-3.2-3b-instruct,K,22,512,0.135848,0.432530,0.905390,0.395039,1.234462
llama-3.2-3b-instruct,K,23,512,0.147956,0.442321,0.870333,0.420510,1.382929
llama-3.2-3b-instruct,K,24,512,0.142021,0.419088,0.856581,0.405763,1.212356
llama-3.2-3b-instruct,K,25,512,0.130437,0.363891,0.850284,0.338389,0.999871
llama-3.2-3b-instruct,K,26,512,0.153617,0.416696,0.833238,0.465806,1.317298
llama-3.2-3b-instruct,K,27,512,0.157871,0.453398,0.833732,0.508519,1.568514
llama-3.1-8b,Q,0,2048,0.378915,0.830828,0.997968,0.848069,2.284844
llama-3.1-8b,Q,1,2048,0.239270,0.607594,0.986755,1.004352,2.696462
llama-3.1-8b,Q,2,2048,0.137684,0.384846,0.863873,0.418319,1.444677
llama-3.1-8b,Q,3,2048,0.136744,0.358907,0.754021,0.411543,1.389414
llama-3.1-8b,Q,4,2048,0.159593,0.407629,0.977420,0.452901,1.488504
llama-3.1-8b,Q,5,2048,0.145138,0.423300,0.964242,0.373070,1.194576
llama-3.1-8b,Q,6,2048,0.134915,0.373325,0.775058,0.363438,1.116943
llama-3.1-8b,Q,7,2048,0.128550,0.357354,0.727119,0.345116,1.054795
llama-3.1-8b,Q,8,2048,0.132267,0.364507,0.802240,0.367795,1.131943
llama-3.1-8b,Q,9,2048,0.120564,0.345939,0.672265,0.343725,1.096170
llama-3.1-8b,Q,10,2048,0.124034,0.328825,0.748684,0.340664,1.048414
llama-3.1-8b,Q,11,2048,0.116315,0.305974,0.724488,0.310067,0.857404
llama-3.1-8b,Q,12,2048,0.120117,0.310367,0.780482,0.349274,1.020818
llama-3.1-8b,Q,13,2048,0.116483,0.304432,0.800864,0.319347,0.942259
llama-3.1-8b,Q,14,2048,0.116687,0.330186,0.824447,0.313111,0.895834
llama-3.1-8b,Q,15,2048,0.123096,0.309848,0.583917,0.331306,0.945777
llama-3.1-8b,Q,16,2048,0.123270,0.328472,0.779222,0.317710,0.966006
llama-3.1-8b,Q,17,2048,0.125896,0.319013,0.817004,0.338574,1.018599
llama-3.1-8b,Q,18,2048,0.112245,0.311417,0.861364,0.288688,0.854436
llama-3.1-8b,Q,19,2048,0.122609,0.354005,0.880468,0.318443,0.988025
llama-3.1-8b,Q,20,2048,0.108486,0.277980,0.826925,0.286022,0.847863
llama-3.1-8b,Q,21,2048,0.109653,0.296542,0.810646,0.308627,0.904504
llama-3.1-8b,Q,22,2048,0.109443,0.299208,0.785714,0.274386,0.806820
llama-3.1-8b,Q,23,2048,0.109991,0.298798,0.828821,0.268172,0.854195
llama-3.1-8b,Q,24,2048,0.110382,0.312273,0.850588,0.281496,0.825945
llama-3.1-8b,Q,25,2048,0.110328,0.324245,0.787089,0.278366,0.887130
llama-3.1-8b,Q,26,2048,0.119889,0.326203,0.813022,0.279865,0.825998
llama-3.1-8b,Q,27,2048,0.107083,0.296120,0.737915,0.269571,0.800978
llama-3.1-8b,Q,28,2048,0.116280,0.307928,0.771622,0.319464,0.982550
llama-3.1-8b,Q,29,2048,0.107553,0.292852,0.781391,0.262426,0.840164
llama-3.1-8b,Q,30,2048,0.135352,0.362830,0.755649,0.344943,0.953862
llama-3.1-8b,Q,31,2048,0.153694,0.433873,0.960425,0.423950,1.324776
llama-3.1-8b,K,0,512,0.367566,0.815612,0.999354,1.053060,2.751223
llama-3.1-8b,K,1,512,0.214922,0.592989,0.873062,1.443002,3.468396
llama-3.1-8b,K,2,512,0.138423,0.439451,0.880190,0.478910,1.668322
llama-3.1-8b,K,3,512,0.156295,0.481473,0.832659,0.537775,1.874176
llama-3.1-8b,K,4,512,0.163363,0.473779,0.926641,0.521111,1.799709
llama-3.1-8b,K,5,512,0.146163,0.447336,0.973203,0.451551,1.429090
llama-3.1-8b,K,6,512,0.147998,0.517087,0.753421,0.474436,1.394728
llama-3.1-8b,K,7,512,0.150995,0.460749,0.824654,0.483557,1.428147
llama-3.1-8b,K,8,512,0.153873,0.480391,0.743873,0.493564,1.537712
llama-3.1-8b,K,9,512,0.154340,0.505775,0.798521,0.537438,1.512684
llama-3.1-8b,K,10,512,0.134871,0.375104,0.824842,0.454832,1.397845
llama-3.1-8b,K,11,512,0.135148,0.415521,0.789938,0.468581,1.362294
llama-3.1-8b,K,12,512,0.140488,0.409542,0.750781,0.530097,1.457321
llama-3.1-8b,K,13,512,0.158172,0.483091,0.780886,0.466820,1.399091
llama-3.1-8b,K,14,512,0.134784,0.436138,0.752356,0.508421,1.407058
llama-3.1-8b,K,15,512,0.140151,0.393264,0.703912,0.499048,1.482248
llama-3.1-8b,K,16,512,0.138516,0.436642,0.883371,0.462780,1.504411
llama-3.1-8b,K,17,512,0.136434,0.379181,0.656642,0.466735,1.388587
llama-3.1-8b,K,18,512,0.131530,0.427087,0.863616,0.436457,1.316657
llama-3.1-8b,K,19,512,0.144411,0.371795,0.877715,0.418833,1.336019
llama-3.1-8b,K,20,512,0.140834,0.372192,0.768794,0.410588,1.251535
llama-3.1-8b,K,21,512,0.148535,0.437205,0.835266,0.453439,1.426429
llama-3.1-8b,K,22,512,0.143986,0.380532,0.751931,0.427903,1.255837
llama-3.1-8b,K,23,512,0.140883,0.395713,0.822027,0.395494,1.319548
llama-3.1-8b,K,24,512,0.139741,0.439105,0.747488,0.408744,1.278154
llama-3.1-8b,K,25,512,0.155014,0.484852,0.806711,0.410466,1.328006
llama-3.1-8b,K,26,512,0.154960,0.483388,0.790248,0.402737,1.286328
llama-3.1-8b,K,27,512,0.155347,0.443557,0.870957,0.394382,1.210170
llama-3.1-8b,K,28,512,0.117966,0.330318,0.661503,0.426461,1.316292
llama-3.1-8b,K,29,512,0.132490,0.412229,0.775679,0.334593,0.900572
llama-3.1-8b,K,30,512,0.163958,0.449989,0.786761,0.431384,1.335306
llama-3.1-8b,K,31,512,0.147688,0.413865,0.677834,0.455188,1.455898
llama-3.1-8b-instruct,Q,0,2048,0.375976,0.820776,0.997608,0.845286,2.245670
llama-3.1-8b-instruct,Q,1,2048,0.238221,0.599532,0.985976,1.004789,2.672317
llama-3.1-8b-instruct,Q,2,2048,0.139956,0.398659,0.865055,0.421479,1.460602
llama-3.1-8b-instruct,Q,3,2048,0.138405,0.375721,0.794090,0.417785,1.384905
llama-3.1-8b-instruct,Q,4,2048,0.162028,0.416405,0.974419,0.458557,1.517839
llama-3.1-8b-instruct,Q,5,2048,0.148593,0.441230,0.958133,0.383604,1.214718
llama-3.1-8b-instruct,Q,6,2048,0.140362,0.383628,0.782650,0.372018,1.149908
llama-3.1-8b-instruct,Q,7,2048,0.135352,0.381528,0.732430,0.354848,1.080058
llama-3.1-8b-instruct,Q,8,2048,0.138274,0.385809,0.797513,0.376725,1.137635
llama-3.1-8b-instruct,Q,9,2048,0.125438,0.340768,0.667568,0.350948,1.107782
llama-3.1-8b-instruct,Q,10,2048,0.128115,0.344091,0.786358,0.351100,1.079467
llama-3.1-8b-instruct,Q,11,2048,0.118615,0.313039,0.734606,0.317505,0.905556
llama-3.1-8b-instruct,Q,12,2048,0.123805,0.325104,0.791697,0.354838,1.061776
llama-3.1-8b-instruct,Q,13,2048,0.118328,0.315793,0.818645,0.323740,0.968594
llama-3.1-8b-instruct,Q,14,2048,0.118894,0.337539,0.813445,0.319151,0.933378
llama-3.1-8b-instruct,Q,15,2048,0.122936,0.308847,0.562704,0.335869,0.957851
llama-3.1-8b-instruct,Q,16,2048,0.126886,0.337651,0.795868,0.324283,0.985403
llama-3.1-8b-instruct,Q,17,2048,0.128356,0.326874,0.838297,0.345384,1.010650
llama-3.1-8b-instruct,Q,18,2048,0.114476,0.307855,0.856588,0.294653,0.861106
llama-3.1-8b-instruct,Q,19,2048,0.124253,0.344393,0.877543,0.321847,0.975795
llama-3.1-8b-instruct,Q,20,2048,0.111397,0.278367,0.828073,0.289956,0.822189
llama-3.1-8b-instruct,Q,21,2048,0.112177,0.306414,0.793282,0.312608,0.910811
llama-3.1-8b-instruct,Q,22,2048,0.109188,0.299507,0.770523,0.279553,0.811594
llama-3.1-8b-instruct,Q,23,2048,0.111168,0.296319,0.804391,0.269464,0.836735
llama-3.1-8b-instruct,Q,24,2048,0.109909,0.313969,0.834288,0.285626,0.829926
llama-3.1-8b-instruct,Q,25,2048,0.111667,0.311068,0.775905,0.281949,0.892254
llama-3.1-8b-instruct,Q,26,2048,0.122658,0.336597,0.842504,0.283187,0.829991
llama-3.1-8b-instruct,Q,27,2048,0.109566,0.306117,0.737050,0.274514,0.805981
llama-3.1-8b-instruct,Q,28,2048,0.117193,0.304120,0.789149,0.322208,0.973840
llama-3.1-8b-instruct,Q,29,2048,0.109490,0.296334,0.742925,0.270475,0.879378
llama-3.1-8b-instruct,Q,30,2048,0.137278,0.366056,0.696207,0.352531,0.957566
llama-3.1-8b-instruct,Q,31,2048,0.154472,0.436110,0.955658,0.428494,1.283917
llama-3.1-8b-instruct,K,0,512,0.364576,0.811903,0.999318,1.057016,2.771323
llama-3.1-8b-instruct,K,1,512,0.215362,0.608132,0.867361,1.443900,3.504822
llama-3.1-8b-instruct,K,2,512,0.138042,0.439037,0.878670,0.478616,1.660051
llama-3.1-8b-instruct,K,3,512,0.157341,0.488839,0.834383,0.538640,1.848057
llama-3.1-8b-instruct,K,4,512,0.166077,0.473282,0.927464,0.520369,1.825236
llama-3.1-8b-instruct,K,5,512,0.149927,0.460179,0.970467,0.457201,1.431642
llama-3.1-8b-instruct,K,6,512,0.151353,0.519198,0.759523,0.472814,1.422702
llama-3.1-8b-instruct,K,7,512,0.155149,0.480010,0.817949,0.494478,1.472671
llama-3.1-8b-instruct,K,8,512,0.160493,0.490329,0.752521,0.501975,1.533803
llama-3.1-8b-instruct,K,9,512,0.153540,0.478745,0.798395,0.534869,1.478996
llama-3.1-8b-instruct,K,10,512,0.137492,0.371248,0.826805,0.452154,1.350842
llama-3.1-8b-instruct,K,11,512,0.137702,0.421830,0.787452,0.463250,1.381849
llama-3.1-8b-instruct,K,12,512,0.141320,0.417323,0.749849,0.530018,1.450907
llama-3.1-8b-instruct,K,13,512,0.161351,0.487797,0.784703,0.455960,1.314250
llama-3.1-8b-instruct,K,14,512,0.138521,0.426893,0.732543,0.501961,1.399256
llama-3.1-8b-instruct,K,15,512,0.144260,0.420959,0.688943,0.495378,1.517754
llama-3.1-8b-instruct,K,16,512,0.140446,0.431293,0.887840,0.466347,1.443233
llama-3.1-8b-instruct,K,17,512,0.137504,0.387936,0.661893,0.467854,1.358265
llama-3.1-8b-instruct,K,18,512,0.135154,0.418125,0.869071,0.437058,1.339259
llama-3.1-8b-instruct,K,19,512,0.142249,0.365986,0.896843,0.416794,1.297830
llama-3.1-8b-instruct,K,20,512,0.142464,0.387035,0.771295,0.403824,1.233917
llama-3.1-8b-instruct,K,21,512,0.149718,0.430393,0.838517,0.455142,1.397003
llama-3.1-8b-instruct,K,22,512,0.144464,0.384176,0.753289,0.425342,1.246328
llama-3.1-8b-instruct,K,23,512,0.142899,0.412824,0.843631,0.398957,1.314825
llama-3.1-8b-instruct,K,24,512,0.139126,0.423842,0.753920,0.405370,1.267317
llama-3.1-8b-instruct,K,25,512,0.149388,0.483368,0.748605,0.404105,1.304990
llama-3.1-8b-instruct,K,26,512,0.151307,0.457984,0.757143,0.398996,1.280605
llama-3.1-8b-instruct,K,27,512,0.150591,0.442675,0.872549,0.389188,1.197039
llama-3.1-8b-instruct,K,28,512,0.119814,0.307428,0.699967,0.427097,1.280769
llama-3.1-8b-instruct,K,29,512,0.135578,0.387454,0.795177,0.338408,0.992818
llama-3.1-8b-instruct,K,30,512,0.163451,0.437999,0.781387,0.432065,1.285131
llama-3.1-8b-instruct,K,31,512,0.149219,0.422592,0.662472,0.457503,1.427501
