model,stream,band,theta_k,C_k,S_k,band_class,n,rho_mean,rho_median,rho_p95,rho_max,varhet_mean,varhet_p95,varhet_max
llama-3.2-1b,Q,0,1.000000,-0.000141,-0.000114,high_freq,512,0.231432,0.194543,0.566879,0.957574,0.441795,1.313903,3.528812
llama-3.2-1b,Q,1,0.749894,-0.000302,-0.000091,high_freq,512,0.200239,0.169655,0.515130,0.825349,0.418646,1.123136,2.914609
llama-3.2-1b,Q,2,0.562341,-0.000657,0.000585,high_freq,512,0.189611,0.161615,0.479749,0.861480,0.416066,1.078810,2.412022
llama-3.2-1b,Q,3,0.421697,-0.000354,-0.000042,high_freq,512,0.192945,0.156259,0.481883,0.953167,0.400703,1.046432,2.719623
llama-3.2-1b,Q,4,0.316228,0.000501,0.000498,high_freq,512,0.179721,0.144423,0.465305,0.846009,0.423158,1.165679,1.935009
llama-3.2-1b,Q,5,0.237137,-0.000989,0.001734,high_freq,512,0.165245,0.124097,0.418374,0.658678,0.417688,1.091213,3.319863
llama-3.2-1b,Q,6,0.177828,-0.000637,0.000035,high_freq,512,0.167973,0.121046,0.448051,0.911166,0.407914,1.085274,1.999789
llama-3.2-1b,Q,7,0.133352,-0.000775,0.000062,high_freq,512,0.162870,0.127842,0.437457,0.920623,0.420115,1.112130,2.152763
llama-3.2-1b,Q,8,0.100000,0.002108,0.001763,high_freq,512,0.153334,0.116012,0.414980,0.832946,0.401017,1.049263,2.663296
llama-3.2-1b,Q,9,0.074989,-0.002202,0.000644,high_freq,512,0.163472,0.128236,0.397915,0.837475,0.388989,1.036369,3.447752
llama-3.2-1b,Q,10,0.056234,-0.004023,0.006479,high_freq,512,0.162793,0.132227,0.426158,0.866768,0.396678,0.988335,2.532725
llama-3.2-1b,Q,11,0.042170,-0.000137,0.011576,high_freq,512,0.138953,0.097979,0.407298,0.666122,0.366321,1.016153,1.932575
llama-3.2-1b,Q,12,0.031623,-0.005526,0.013351,high_freq,512,0.170477,0.140339,0.417677,0.872106,0.396441,1.015113,2.146445
llama-3.2-1b,Q,13,0.023714,0.002145,0.020309,high_freq,512,0.159436,0.129399,0.403003,0.885683,0.437820,1.156307,2.600905
llama-3.2-1b,Q,14,0.017783,-0.007991,0.025063,high_freq,512,0.151689,0.113788,0.414879,0.831747,0.455547,1.334178,2.025313
llama-3.2-1b,Q,15,0.013335,-0.017483,0.024473,high_freq,512,0.157465,0.134611,0.396376,0.855099,0.433870,1.119760,2.428616
llama-3.2-1b,Q,16,0.010000,-0.003392,0.048624,high_freq,512,0.155991,0.132499,0.357991,0.870676,0.375638,1.056540,2.903436
llama-3.2-1b,Q,17,0.007499,-0.021037,0.007504,high_freq,512,0.146734,0.116685,0.394113,0.745154,0.784286,1.682367,3.282936
llama-3.2-1b,Q,18,0.005623,-0.037860,0.065093,high_freq,512,0.155962,0.139132,0.396388,0.846667,0.434476,1.297941,2.619474
llama-3.2-1b,Q,19,0.004217,-0.058139,0.058002,high_freq,512,0.167197,0.127215,0.486004,0.870033,0.807785,2.653753,4.439908
llama-3.2-1b,Q,20,0.003162,0.029071,0.005782,high_freq,512,0.226924,0.187240,0.562536,0.880964,1.266908,2.795392,5.081036
llama-3.2-1b,Q,21,0.002371,-0.029757,0.201586,high_freq,512,0.181715,0.129192,0.541532,0.920817,0.608307,2.028873,4.403974
llama-3.2-1b,Q,22,0.001778,0.115461,0.063392,high_freq,512,0.152661,0.112998,0.449441,0.722992,0.386116,1.214770,2.723738
llama-3.2-1b,Q,23,0.001334,-0.134071,0.058145,high_freq,512,0.138152,0.101518,0.424952,0.827286,0.346027,0.993016,2.363672
llama-3.2-1b,Q,24,0.001000,-0.199597,0.385077,high_freq,512,0.145900,0.108550,0.409045,0.863146,0.366195,0.945172,1.448150
llama-3.2-1b,Q,25,0.000750,0.022292,0.650353,high_freq,512,0.135466,0.106260,0.367161,0.799586,0.393481,1.061469,2.892365
llama-3.2-1b,Q,26,0.000562,0.322370,0.724679,high_freq,512,0.143538,0.110834,0.430176,0.726797,0.407186,1.146134,3.053333
llama-3.2-1b,Q,27,0.000422,0.571593,0.669410,low_freq,512,0.152867,0.123356,0.389752,0.747217,0.398817,1.061086,2.390045
llama-3.2-1b,Q,28,0.000316,0.742743,0.562238,low_freq,512,0.153557,0.118090,0.404254,0.927010,0.426128,1.088192,1.957299
llama-3.2-1b,Q,29,0.000237,0.849905,0.448857,low_freq,512,0.155768,0.125546,0.407873,0.796127,0.422450,1.116150,3.721567
llama-3.2-1b,Q,30,0.000178,0.913831,0.348535,low_freq,512,0.149216,0.119829,0.399502,0.789298,0.473859,1.315417,2.267427
llama-3.2-1b,Q,31,0.000133,0.950977,0.266509,low_freq,512,0.156572,0.117653,0.434846,0.840556,0.382931,1.112541,2.578858
llama-3.2-1b,K,0,1.000000,-0.000141,-0.000114,high_freq,128,0.342203,0.320504,0.729671,0.902983,0.688374,1.540423,2.073337
llama-3.2-1b,K,1,0.749894,-0.000302,-0.000091,high_freq,128,0.297613,0.276072,0.658857,0.840760,0.599917,1.421264,2.398678
llama-3.2-1b,K,2,0.562341,-0.000657,0.000585,high_freq,128,0.310426,0.250501,0.689102,0.808899,0.535510,1.304592,2.103089
llama-3.2-1b,K,3,0.421697,-0.000354,-0.000042,high_freq,128,0.276962,0.227813,0.674573,0.932151,0.551685,1.352081,1.715108
llama-3.2-1b,K,4,0.316228,0.000501,0.000498,high_freq,128,0.247205,0.219379,0.593945,0.785204,0.574963,1.456012,2.937800
llama-3.2-1b,K,5,0.237137,-0.000989,0.001734,high_freq,128,0.213352,0.167410,0.546820,0.768540,0.517078,1.475587,2.075847
llama-3.2-1b,K,6,0.177828,-0.000637,0.000035,high_freq,128,0.198244,0.144536,0.627740,0.867971,0.477201,1.358912,2.777911
llama-3.2-1b,K,7,0.133352,-0.000775,0.000062,high_freq,128,0.184296,0.144990,0.560766,0.756984,0.501878,1.313983,2.189288
llama-3.2-1b,K,8,0.100000,0.002108,0.001763,high_freq,128,0.208197,0.167693,0.493426,0.759864,0.534958,1.302098,2.895841
llama-3.2-1b,K,9,0.074989,-0.002202,0.000644,high_freq,128,0.185477,0.154504,0.469724,0.855139,0.505304,1.202267,1.616934
llama-3.2-1b,K,10,0.056234,-0.004023,0.006479,high_freq,128,0.163010,0.143545,0.433022,0.672684,0.548371,1.339497,2.738107
llama-3.2-1b,K,11,0.042170,-0.000137,0.011576,high_freq,128,0.217553,0.178061,0.532815,0.813075,0.643231,1.366066,1.869588
llama-3.2-1b,K,12,0.031623,-0.005526,0.013351,high_freq,128,0.153413,0.132512,0.349785,0.630181,0.588152,1.335469,2.562541
llama-3.2-1b,K,13,0.023714,0.002145,0.020309,high_freq,128,0.140499,0.118940,0.361775,0.463690,0.652293,1.379923,2.556907
llama-3.2-1b,K,14,0.017783,-0.007991,0.025063,high_freq,128,0.156773,0.130796,0.364592,0.693484,0.673096,1.700877,2.016057
llama-3.2-1b,K,15,0.013335,-0.017483,0.024473,high_freq,128,0.141908,0.109801,0.377452,0.801419,0.573307,1.570957,2.515055
llama-3.2-1b,K,16,0.010000,-0.003392,0.048624,high_freq,128,0.125569,0.094662,0.346977,0.413419,0.574352,1.461095,2.151703
llama-3.2-1b,K,17,0.007499,-0.021037,0.007504,high_freq,128,0.131509,0.109254,0.350095,0.553357,0.825253,1.679823,2.017773
llama-3.2-1b,K,18,0.005623,-0.037860,0.065093,high_freq,128,0.132697,0.107100,0.319176,0.773845,0.563220,1.727215,2.405931
llama-3.2-1b,K,19,0.004217,-0.058139,0.058002,high_freq,128,0.127808,0.101114,0.395118,0.817597,0.997391,2.729091,4.270993
llama-3.2-1b,K,20,0.003162,0.029071,0.005782,high_freq,128,0.178730,0.117332,0.532197,0.780779,1.397293,3.003784,5.281350
llama-3.2-1b,K,21,0.002371,-0.029757,0.201586,high_freq,128,0.128594,0.075415,0.396105,0.708905,0.760686,2.316623,5.477098
llama-3.2-1b,K,22,0.001778,0.115461,0.063392,high_freq,128,0.126614,0.096271,0.412080,0.673735,0.443459,1.519832,2.125901
llama-3.2-1b,K,23,0.001334,-0.134071,0.058145,high_freq,128,0.119505,0.076907,0.408263,0.594270,0.339871,0.967342,1.560748
llama-3.2-1b,K,24,0.001000,-0.199597,0.385077,high_freq,128,0.103537,0.073250,0.330524,0.440056,0.389299,1.019114,1.801340
llama-3.2-1b,K,25,0.000750,0.022292,0.650353,high_freq,128,0.112634,0.087812,0.301376,0.544674,0.377875,0.976854,1.660550
llama-3.2-1b,K,26,0.000562,0.322370,0.724679,high_freq,128,0.112413,0.081619,0.286682,0.635182,0.448828,1.284295,1.759871
llama-3.2-1b,K,27,0.000422,0.571593,0.669410,low_freq,128,0.116374,0.089243,0.288622,0.499031,0.405970,1.090305,1.559273
llama-3.2-1b,K,28,0.000316,0.742743,0.562238,low_freq,128,0.112492,0.092325,0.273624,0.491892,0.462657,1.432518,2.034350
llama-3.2-1b,K,29,0.000237,0.849905,0.448857,low_freq,128,0.117463,0.080705,0.303615,0.754034,0.415867,1.294113,2.293596
llama-3.2-1b,K,30,0.000178,0.913831,0.348535,low_freq,128,0.118394,0.076995,0.396549,0.594122,0.456465,1.316223,1.976363
llama-3.2-1b,K,31,0.000133,0.950977,0.266509,low_freq,128,0.110961,0.079774,0.348309,0.527406,0.452449,1.175651,2.155504
llama-3.2-1b-instruct,Q,0,1.000000,-0.000141,-0.000114,high_freq,512,0.223458,0.188525,0.553425,0.953786,0.445836,1.351965,3.445036
llama-3.2-1b-instruct,Q,1,0.749894,-0.000302,-0.000091,high_freq,512,0.197261,0.159836,0.502819,0.821669,0.409406,1.100080,2.766756
llama-3.2-1b-instruct,Q,2,0.562341,-0.000657,0.000585,high_freq,512,0.189932,0.158460,0.466566,0.848083,0.403013,1.054361,2.518641
llama-3.2-1b-instruct,Q,3,0.421697,-0.000354,-0.000042,high_freq,512,0.182042,0.150688,0.494451,0.954417,0.386371,0.968409,2.580980
llama-3.2-1b-instruct,Q,4,0.316228,0.000501,0.000498,high_freq,512,0.172015,0.136147,0.434770,0.886189,0.409672,1.135211,1.890592
llama-3.2-1b-instruct,Q,5,0.237137,-0.000989,0.001734,high_freq,512,0.165334,0.131008,0.409600,0.683335,0.417064,1.090370,3.241302
llama-3.2-1b-instruct,Q,6,0.177828,-0.000637,0.000035,high_freq,512,0.165671,0.130350,0.424145,0.922160,0.406192,1.024323,2.147538
llama-3.2-1b-instruct,Q,7,0.133352,-0.000775,0.000062,high_freq,512,0.162910,0.134437,0.412084,0.847374,0.423096,1.128609,2.420526
llama-3.2-1b-instruct,Q,8,0.100000,0.002108,0.001763,high_freq,512,0.155729,0.121210,0.407302,0.817579,0.397165,0.997788,2.877706
llama-3.2-1b-instruct,Q,9,0.074989,-0.002202,0.000644,high_freq,512,0.162769,0.130416,0.379905,0.829950,0.386609,1.024788,3.379341
llama-3.2-1b-instruct,Q,10,0.056234,-0.004023,0.006479,high_freq,512,0.160748,0.123403,0.431116,0.872484,0.399837,0.991288,2.529698
llama-3.2-1b-instruct,Q,11,0.042170,-0.000137,0.011576,high_freq,512,0.139634,0.110947,0.378532,0.644503,0.371431,0.999254,1.961273
llama-3.2-1b-instruct,Q,12,0.031623,-0.005526,0.013351,high_freq,512,0.163104,0.135884,0.400470,0.870209,0.388009,0.991417,1.994527
llama-3.2-1b-instruct,Q,13,0.023714,0.002145,0.020309,high_freq,512,0.151313,0.121384,0.358959,0.913965,0.437358,1.156480,2.491827
llama-3.2-1b-instruct,Q,14,0.017783,-0.007991,0.025063,high_freq,512,0.153236,0.121339,0.421263,0.772642,0.443031,1.321162,1.877182
llama-3.2-1b-instruct,Q,15,0.013335,-0.017483,0.024473,high_freq,512,0.160337,0.123993,0.452389,0.863922,0.448698,1.203245,2.601345
llama-3.2-1b-instruct,Q,16,0.010000,-0.003392,0.048624,high_freq,512,0.150507,0.119520,0.372731,0.853745,0.410587,1.134417,3.166191
llama-3.2-1b-instruct,Q,17,0.007499,-0.021037,0.007504,high_freq,512,0.148461,0.122648,0.376803,0.784422,0.793491,1.732544,3.368547
llama-3.2-1b-instruct,Q,18,0.005623,-0.037860,0.065093,high_freq,512,0.159381,0.133507,0.420720,0.845929,0.412865,1.209066,2.338867
llama-3.2-1b-instruct,Q,19,0.004217,-0.058139,0.058002,high_freq,512,0.173086,0.128810,0.512465,0.834960,0.782530,2.667974,4.508411
llama-3.2-1b-instruct,Q,20,0.003162,0.029071,0.005782,high_freq,512,0.234120,0.186265,0.579549,0.912022,1.220900,2.635999,5.614330
llama-3.2-1b-instruct,Q,21,0.002371,-0.029757,0.201586,high_freq,512,0.182938,0.126412,0.553823,0.944586,0.577661,1.886897,4.047462
llama-3.2-1b-instruct,Q,22,0.001778,0.115461,0.063392,high_freq,512,0.152080,0.110405,0.452148,0.753903,0.376455,1.138895,2.359787
llama-3.2-1b-instruct,Q,23,0.001334,-0.134071,0.058145,high_freq,512,0.134604,0.098777,0.421826,0.866155,0.331273,0.925498,2.356384
llama-3.2-1b-instruct,Q,24,0.001000,-0.199597,0.385077,high_freq,512,0.145577,0.106633,0.411900,0.845730,0.370623,0.917847,1.829568
llama-3.2-1b-instruct,Q,25,0.000750,0.022292,0.650353,high_freq,512,0.133158,0.096634,0.349752,0.827422,0.388559,1.029204,2.823689
llama-3.2-1b-instruct,Q,26,0.000562,0.322370,0.724679,high_freq,512,0.140771,0.107962,0.385550,0.741841,0.405039,1.154498,3.035612
llama-3.2-1b-instruct,Q,27,0.000422,0.571593,0.669410,low_freq,512,0.151095,0.114988,0.410475,0.774622,0.399211,1.042309,2.425277
llama-3.2-1b-instruct,Q,28,0.000316,0.742743,0.562238,low_freq,512,0.152449,0.120677,0.395698,0.918157,0.420663,1.134200,2.061208
llama-3.2-1b-instruct,Q,29,0.000237,0.849905,0.448857,low_freq,512,0.157794,0.130800,0.415724,0.780751,0.411897,1.074744,4.093034
llama-3.2-1b-instruct,Q,30,0.000178,0.913831,0.348535,low_freq,512,0.153277,0.121263,0.412185,0.834263,0.454910,1.321750,2.111996
llama-3.2-1b-instruct,Q,31,0.000133,0.950977,0.266509,low_freq,512,0.156918,0.118693,0.432355,0.855004,0.377579,1.142489,2.472051
llama-3.2-1b-instruct,K,0,1.000000,-0.000141,-0.000114,high_freq,128,0.353836,0.317186,0.724642,0.909297,0.681718,1.506178,2.027244
llama-3.2-1b-instruct,K,1,0.749894,-0.000302,-0.000091,high_freq,128,0.290965,0.264033,0.638492,0.832326,0.603592,1.468905,2.356523
llama-3.2-1b-instruct,K,2,0.562341,-0.000657,0.000585,high_freq,128,0.304939,0.246330,0.679074,0.851670,0.527473,1.275892,2.202747
llama-3.2-1b-instruct,K,3,0.421697,-0.000354,-0.000042,high_freq,128,0.270344,0.229640,0.666266,0.926664,0.540019,1.356470,1.759518
llama-3.2-1b-instruct,K,4,0.316228,0.000501,0.000498,high_freq,128,0.240877,0.202724,0.614242,0.810032,0.554442,1.404731,2.318043
llama-3.2-1b-instruct,K,5,0.237137,-0.000989,0.001734,high_freq,128,0.204304,0.149712,0.533101,0.750855,0.494190,1.387755,2.066713
llama-3.2-1b-instruct,K,6,0.177828,-0.000637,0.000035,high_freq,128,0.195118,0.127378,0.561285,0.854581,0.466864,1.195361,2.209126
llama-3.2-1b-instruct,K,7,0.133352,-0.000775,0.000062,high_freq,128,0.181427,0.147031,0.502517,0.706424,0.472089,1.404901,1.987716
llama-3.2-1b-instruct,K,8,0.100000,0.002108,0.001763,high_freq,128,0.205929,0.167301,0.498255,0.737783,0.521593,1.239719,2.324038
llama-3.2-1b-instruct,K,9,0.074989,-0.002202,0.000644,high_freq,128,0.179668,0.151556,0.426050,0.837457,0.495223,1.184081,1.596389
llama-3.2-1b-instruct,K,10,0.056234,-0.004023,0.006479,high_freq,128,0.154662,0.128752,0.376660,0.633079,0.515399,1.313106,2.658026
llama-3.2-1b-instruct,K,11,0.042170,-0.000137,0.011576,high_freq,128,0.213544,0.166313,0.464366,0.638552,0.585433,1.278420,2.446538
llama-3.2-1b-instruct,K,12,0.031623,-0.005526,0.013351,high_freq,128,0.156915,0.135842,0.371213,0.642695,0.546585,1.403956,2.509982
llama-3.2-1b-instruct,K,13,0.023714,0.002145,0.020309,high_freq,128,0.128122,0.107991,0.309311,0.529595,0.610917,1.281527,2.568571
llama-3.2-1b-instruct,K,14,0.017783,-0.007991,0.025063,high_freq,128,0.147705,0.124679,0.376251,0.683542,0.644389,1.617203,2.130997
llama-3.2-1b-instruct,K,15,0.013335,-0.017483,0.024473,high_freq,128,0.141702,0.104285,0.371338,0.835677,0.550156,1.586963,2.389017
llama-3.2-1b-instruct,K,16,0.010000,-0.003392,0.048624,high_freq,128,0.115365,0.089748,0.297060,0.607639,0.560418,1.436665,1.954286
llama-3.2-1b-instruct,K,17,0.007499,-0.021037,0.007504,high_freq,128,0.121855,0.098628,0.334646,0.651726,0.837111,1.748236,1.931589
llama-3.2-1b-instruct,K,18,0.005623,-0.037860,0.065093,high_freq,128,0.131174,0.101851,0.323077,0.774412,0.533192,1.600525,2.220783
llama-3.2-1b-instruct,K,19,0.004217,-0.058139,0.058002,high_freq,128,0.140054,0.097485,0.406543,0.817269,0.977780,2.711357,4.332606
llama-3.2-1b-instruct,K,20,0.003162,0.029071,0.005782,high_freq,128,0.191632,0.140572,0.571807,0.743655,1.376782,3.014269,5.610233
llama-3.2-1b-instruct,K,21,0.002371,-0.029757,0.201586,high_freq,128,0.129484,0.080266,0.411992,0.796167,0.738649,2.205041,4.991976
llama-3.2-1b-instruct,K,22,0.001778,0.115461,0.063392,high_freq,128,0.126109,0.097626,0.355174,0.663660,0.417628,1.497055,2.277949
llama-3.2-1b-instruct,K,23,0.001334,-0.134071,0.058145,high_freq,128,0.114101,0.075004,0.372809,0.531683,0.334936,0.995115,1.432194
llama-3.2-1b-instruct,K,24,0.001000,-0.199597,0.385077,high_freq,128,0.106431,0.073152,0.349532,0.452006,0.378795,0.973303,1.748769
llama-3.2-1b-instruct,K,25,0.000750,0.022292,0.650353,high_freq,128,0.104972,0.076598,0.296584,0.495680,0.368573,0.978529,1.592576
llama-3.2-1b-instruct,K,26,0.000562,0.322370,0.724679,high_freq,128,0.110933,0.083364,0.297821,0.607000,0.428969,1.251152,1.832188
llama-3.2-1b-instruct,K,27,0.000422,0.571593,0.669410,low_freq,128,0.114965,0.088175,0.298466,0.492275,0.404075,1.090373,1.657855
llama-3.2-1b-instruct,K,28,0.000316,0.742743,0.562238,low_freq,128,0.115570,0.088788,0.284634,0.583181,0.452011,1.375684,1.886086
llama-3.2-1b-instruct,K,29,0.000237,0.849905,0.448857,low_freq,128,0.118245,0.084876,0.306319,0.702574,0.418332,1.212615,2.457504
llama-3.2-1b-instruct,K,30,0.000178,0.913831,0.348535,low_freq,128,0.116018,0.072674,0.361902,0.586833,0.448588,1.257346,1.796161
llama-3.2-1b-instruct,K,31,0.000133,0.950977,0.266509,low_freq,128,0.111070,0.083350,0.283224,0.583620,0.435352,1.190724,2.239950
llama-3.2-3b,Q,0,1.000000,-0.000141,-0.000114,high_freq,672,0.191942,0.146325,0.544859,0.962631,0.377484,1.106230,2.788000
llama-3.2-3b,Q,1,0.865964,-0.000513,0.000381,high_freq,672,0.177800,0.130810,0.478607,0.923502,0.359828,1.052324,2.412257
llama-3.2-3b,Q,2,0.749894,-0.000302,-0.000091,high_freq,672,0.170241,0.129363,0.462693,0.844856,0.385034,1.032178,2.501610
llama-3.2-3b,Q,3,0.649382,-0.000082,0.000691,high_freq,672,0.168901,0.132495,0.457317,0.852211,0.381366,1.067878,2.577475
llama-3.2-3b,Q,4,0.562341,-0.000657,0.000585,high_freq,672,0.159154,0.120863,0.441558,0.884350,0.365355,1.046565,3.109059
llama-3.2-3b,Q,5,0.486968,-0.000345,0.000973,high_freq,672,0.157192,0.122529,0.438300,0.801171,0.392067,1.254877,3.512005
llama-3.2-3b,Q,6,0.421697,-0.000354,-0.000042,high_freq,672,0.155207,0.130241,0.400006,0.775420,0.369170,1.136406,2.823698
llama-3.2-3b,Q,7,0.365174,0.000207,0.000125,high_freq,672,0.155073,0.116129,0.415183,0.929289,0.370263,1.147954,3.314015
llama-3.2-3b,Q,8,0.316228,0.000501,0.000498,high_freq,672,0.144991,0.109523,0.384926,0.878933,0.392571,1.199603,3.152259
llama-3.2-3b,Q,9,0.273842,-0.000581,0.001707,high_freq,672,0.141843,0.108341,0.404079,0.732681,0.372809,1.186836,2.757118
llama-3.2-3b,Q,10,0.237137,-0.000989,0.001734,high_freq,672,0.150463,0.119781,0.388678,0.878985,0.361538,1.115718,2.301269
llama-3.2-3b,Q,11,0.205353,-0.000937,0.000196,high_freq,672,0.143896,0.106157,0.389061,0.843481,0.389968,1.217267,3.387741
llama-3.2-3b,Q,12,0.177828,-0.000637,0.000035,high_freq,672,0.139729,0.103424,0.395610,0.807365,0.389087,1.092317,2.599673
llama-3.2-3b,Q,13,0.153993,0.000591,0.002928,high_freq,672,0.152150,0.116584,0.423286,0.861094,0.404197,1.201105,3.804563
llama-3.2-3b,Q,14,0.133352,-0.000775,0.000062,high_freq,672,0.137997,0.107400,0.363039,0.817768,0.392448,1.042264,3.518310
llama-3.2-3b,Q,15,0.115478,0.001777,0.002740,high_freq,672,0.146596,0.110246,0.394144,0.887207,0.389135,1.087464,3.073304
llama-3.2-3b,Q,16,0.100000,0.002108,0.001763,high_freq,672,0.145369,0.116912,0.388265,0.864705,0.399708,1.159549,3.119777
llama-3.2-3b,Q,17,0.086596,0.000356,0.005570,high_freq,672,0.143742,0.109621,0.403155,0.869459,0.368467,1.036977,2.055488
llama-3.2-3b,Q,18,0.074989,-0.002202,0.000644,high_freq,672,0.137248,0.105660,0.361661,0.877147,0.380631,1.110472,2.166662
llama-3.2-3b,Q,19,0.064938,0.002888,0.005838,high_freq,672,0.140504,0.111599,0.376237,0.922639,0.349074,1.024590,2.372611
llama-3.2-3b,Q,20,0.056234,-0.004023,0.006479,high_freq,672,0.136031,0.107948,0.373906,0.954648,0.344411,0.909626,2.664294
llama-3.2-3b,Q,21,0.048697,-0.005259,0.004912,high_freq,672,0.138468,0.105582,0.380299,0.764716,0.349123,0.935198,2.111096
llama-3.2-3b,Q,22,0.042170,-0.000137,0.011576,high_freq,672,0.115433,0.087666,0.335295,0.790215,0.329093,1.104327,2.289372
llama-3.2-3b,Q,23,0.036517,-0.006439,0.004164,high_freq,672,0.134422,0.106888,0.375252,0.910471,0.358672,1.048992,1.750472
llama-3.2-3b,Q,24,0.031623,-0.005526,0.013351,high_freq,672,0.137152,0.100168,0.398938,0.937298,0.354328,0.992786,2.378931
llama-3.2-3b,Q,25,0.027384,-0.007252,0.003401,high_freq,672,0.124193,0.093446,0.326278,0.934814,0.397059,1.273821,2.500735
llama-3.2-3b,Q,26,0.023714,0.002145,0.020309,high_freq,672,0.130486,0.097578,0.364026,0.915017,0.338461,0.987627,2.637816
llama-3.2-3b,Q,27,0.020535,0.007325,0.021056,high_freq,672,0.123186,0.089199,0.353856,0.817384,0.312128,0.939607,1.789776
llama-3.2-3b,Q,28,0.017783,-0.007991,0.025063,high_freq,672,0.117310,0.084546,0.323769,0.870296,0.335490,1.016194,2.433371
llama-3.2-3b,Q,29,0.015399,0.003815,0.000527,high_freq,672,0.112477,0.083280,0.322091,0.917523,0.428667,1.380322,2.726088
llama-3.2-3b,Q,30,0.013335,-0.017483,0.024473,high_freq,672,0.117443,0.081207,0.321850,0.852662,0.311620,0.981704,1.996264
llama-3.2-3b,Q,31,0.011548,-0.004186,0.041912,high_freq,672,0.108733,0.083411,0.294432,0.968070,0.347117,1.158435,2.139012
llama-3.2-3b,Q,32,0.010000,-0.003392,0.048624,high_freq,672,0.111318,0.082767,0.307402,0.895934,0.307311,1.010446,2.364306
llama-3.2-3b,Q,33,0.008660,-0.022692,0.045249,high_freq,672,0.131374,0.110268,0.302059,0.844133,0.527597,1.775516,2.867222
llama-3.2-3b,Q,34,0.007499,-0.021037,0.007504,high_freq,672,0.118255,0.095971,0.309231,0.778781,0.444238,1.385243,3.632219
llama-3.2-3b,Q,35,0.006494,0.037170,0.033903,high_freq,672,0.113363,0.086002,0.304670,0.825159,0.344202,1.012401,2.999285
llama-3.2-3b,Q,36,0.005623,-0.037860,0.065093,high_freq,672,0.113589,0.086513,0.292849,0.819502,0.424552,1.466657,3.312974
llama-3.2-3b,Q,37,0.004870,0.044471,0.027461,high_freq,672,0.126627,0.095935,0.353869,0.894601,0.540277,2.072018,5.094745
llama-3.2-3b,Q,38,0.004217,-0.058139,0.058002,high_freq,672,0.138531,0.101239,0.377218,0.901543,0.890662,3.076177,5.361322
llama-3.2-3b,Q,39,0.003652,0.045170,0.115920,high_freq,672,0.175587,0.125920,0.486114,0.928481,1.014500,3.184885,5.895541
llama-3.2-3b,Q,40,0.003162,0.029071,0.005782,high_freq,672,0.189914,0.116624,0.618121,0.932215,0.714880,2.761009,5.200066
llama-3.2-3b,Q,41,0.002738,-0.087176,0.069373,high_freq,672,0.189667,0.107875,0.677519,0.951069,0.553203,2.292491,3.960353
llama-3.2-3b,Q,42,0.002371,-0.029757,0.201586,high_freq,672,0.173942,0.096001,0.676860,0.915910,0.436276,1.895348,3.028256
llama-3.2-3b,Q,43,0.002054,0.100528,0.181971,high_freq,672,0.155690,0.097819,0.646936,0.931741,0.366620,1.426233,2.248349
llama-3.2-3b,Q,44,0.001778,0.115461,0.063392,high_freq,672,0.154609,0.095080,0.576909,0.952602,0.324109,1.127320,2.074211
llama-3.2-3b,Q,45,0.001540,0.003861,0.000053,high_freq,672,0.161795,0.099111,0.593370,0.965309,0.335452,1.213055,2.340113
llama-3.2-3b,Q,46,0.001334,-0.134071,0.058145,high_freq,672,0.153283,0.099753,0.578743,0.937903,0.349402,1.106445,2.445688
llama-3.2-3b,Q,47,0.001155,-0.211624,0.207453,high_freq,672,0.141452,0.103202,0.462223,0.940991,0.326654,1.026294,1.977176
llama-3.2-3b,Q,48,0.001000,-0.199597,0.385077,high_freq,672,0.144139,0.109345,0.406374,0.969058,0.358897,1.078405,2.309602
llama-3.2-3b,Q,49,0.000866,-0.111657,0.540910,high_freq,672,0.144374,0.112175,0.411917,0.960203,0.355860,1.007624,4.570463
llama-3.2-3b,Q,50,0.000750,0.022292,0.650353,high_freq,672,0.132667,0.103221,0.368172,0.820039,0.388021,1.115026,3.009627
llama-3.2-3b,Q,51,0.000649,0.173724,0.709245,high_freq,672,0.130023,0.100009,0.323483,0.990926,0.360517,1.034370,2.718465
llama-3.2-3b,Q,52,0.000562,0.322370,0.724679,high_freq,672,0.129900,0.103521,0.348987,0.760321,0.362681,0.993517,4.138748
llama-3.2-3b,Q,53,0.000487,0.456647,0.707750,high_freq,672,0.132387,0.093812,0.384667,0.899293,0.400431,1.252726,4.694503
llama-3.2-3b,Q,54,0.000422,0.571593,0.669410,low_freq,672,0.132236,0.103002,0.335919,0.832323,0.365084,1.070585,2.842610
llama-3.2-3b,Q,55,0.000365,0.666452,0.618679,low_freq,672,0.129667,0.098102,0.341696,0.993771,0.380822,1.135202,2.812136
llama-3.2-3b,Q,56,0.000316,0.742743,0.562238,low_freq,672,0.127544,0.099888,0.365280,0.720398,0.369648,1.097873,2.512804
llama-3.2-3b,Q,57,0.000274,0.802978,0.504661,low_freq,672,0.128131,0.096938,0.381304,0.986092,0.397477,1.200239,3.101650
llama-3.2-3b,Q,58,0.000237,0.849905,0.448857,low_freq,672,0.130980,0.099371,0.331927,0.752850,0.360081,0.945438,2.086028
llama-3.2-3b,Q,59,0.000205,0.886105,0.396526,low_freq,672,0.134794,0.102313,0.345169,0.999359,0.372202,1.129743,2.506355
llama-3.2-3b,Q,60,0.000178,0.913831,0.348535,low_freq,672,0.128786,0.103512,0.325931,0.683447,0.396863,1.235245,4.304088
llama-3.2-3b,Q,61,0.000154,0.934951,0.305203,low_freq,672,0.132191,0.090606,0.382133,0.999866,0.393962,1.190973,2.474328
llama-3.2-3b,Q,62,0.000133,0.950977,0.266509,low_freq,672,0.132122,0.102702,0.341748,0.803732,0.377202,1.153922,3.169257
llama-3.2-3b,Q,63,0.000115,0.963100,0.232234,low_freq,672,0.127706,0.098313,0.329270,0.910348,0.387940,1.131619,3.433527
llama-3.2-3b,K,0,1.000000,-0.000141,-0.000114,high_freq,224,0.311623,0.281786,0.710010,0.951625,0.697448,1.607029,2.731529
llama-3.2-3b,K,1,0.865964,-0.000513,0.000381,high_freq,224,0.256045,0.223382,0.646819,0.846841,0.561068,1.418223,2.432812
llama-3.2-3b,K,2,0.749894,-0.000302,-0.000091,high_freq,224,0.287420,0.233933,0.682882,0.888446,0.576451,1.550864,2.402990
llama-3.2-3b,K,3,0.649382,-0.000082,0.000691,high_freq,224,0.261934,0.213931,0.635265,0.869600,0.587836,1.715054,2.769896
llama-3.2-3b,K,4,0.562341,-0.000657,0.000585,high_freq,224,0.250472,0.211586,0.626100,0.828783,0.568476,1.425654,2.852416
llama-3.2-3b,K,5,0.486968,-0.000345,0.000973,high_freq,224,0.264613,0.244064,0.651399,0.761691,0.594273,1.428935,3.260051
llama-3.2-3b,K,6,0.421697,-0.000354,-0.000042,high_freq,224,0.246097,0.223220,0.555406,0.857888,0.553930,1.547925,2.805784
llama-3.2-3b,K,7,0.365174,0.000207,0.000125,high_freq,224,0.253063,0.209051,0.612106,0.839372,0.572004,1.666927,2.067226
llama-3.2-3b,K,8,0.316228,0.000501,0.000498,high_freq,224,0.234250,0.189020,0.577359,0.881226,0.568022,1.521716,2.667422
llama-3.2-3b,K,9,0.273842,-0.000581,0.001707,high_freq,224,0.223031,0.173928,0.567438,0.813364,0.555545,1.427453,2.444957
llama-3.2-3b,K,10,0.237137,-0.000989,0.001734,high_freq,224,0.214571,0.173739,0.530871,0.845962,0.553622,1.477341,2.994300
llama-3.2-3b,K,11,0.205353,-0.000937,0.000196,high_freq,224,0.211535,0.172957,0.536133,0.847121,0.576125,1.693133,2.323754
llama-3.2-3b,K,12,0.177828,-0.000637,0.000035,high_freq,224,0.200753,0.145815,0.558333,0.739385,0.617245,1.562579,3.092229
llama-3.2-3b,K,13,0.153993,0.000591,0.002928,high_freq,224,0.183292,0.156210,0.458499,0.713729,0.526869,1.348057,2.626640
llama-3.2-3b,K,14,0.133352,-0.000775,0.000062,high_freq,224,0.194165,0.148433,0.503011,0.702805,0.562488,1.612026,2.478676
llama-3.2-3b,K,15,0.115478,0.001777,0.002740,high_freq,224,0.186636,0.141753,0.515890,0.793334,0.538671,1.599175,2.210768
llama-3.2-3b,K,16,0.100000,0.002108,0.001763,high_freq,224,0.192377,0.156059,0.472502,0.831350,0.552799,1.466024,1.977294
llama-3.2-3b,K,17,0.086596,0.000356,0.005570,high_freq,224,0.190351,0.156760,0.557508,0.742985,0.505436,1.222052,2.419159
llama-3.2-3b,K,18,0.074989,-0.002202,0.000644,high_freq,224,0.168842,0.134179,0.440219,0.737725,0.558488,1.459442,2.516719
llama-3.2-3b,K,19,0.064938,0.002888,0.005838,high_freq,224,0.161400,0.120010,0.473491,0.674846,0.516965,1.404128,2.942691
llama-3.2-3b,K,20,0.056234,-0.004023,0.006479,high_freq,224,0.170993,0.139711,0.412705,0.816200,0.476536,1.214292,2.304092
llama-3.2-3b,K,21,0.048697,-0.005259,0.004912,high_freq,224,0.159902,0.129488,0.414269,0.744395,0.514411,1.444997,2.204953
llama-3.2-3b,K,22,0.042170,-0.000137,0.011576,high_freq,224,0.227296,0.185680,0.607498,0.751601,0.801215,1.758512,2.825080
llama-3.2-3b,K,23,0.036517,-0.006439,0.004164,high_freq,224,0.151490,0.113730,0.426871,0.602254,0.512812,1.347376,2.123160
llama-3.2-3b,K,24,0.031623,-0.005526,0.013351,high_freq,224,0.160025,0.130856,0.424673,0.662085,0.546492,1.755476,2.861036
llama-3.2-3b,K,25,0.027384,-0.007252,0.003401,high_freq,224,0.149098,0.118566,0.408115,0.632805,0.529899,1.467640,2.607350
llama-3.2-3b,K,26,0.023714,0.002145,0.020309,high_freq,224,0.133760,0.104729,0.346702,0.607820,0.536991,1.626016,3.449969
llama-3.2-3b,K,27,0.020535,0.007325,0.021056,high_freq,224,0.133990,0.102261,0.384550,0.522504,0.536579,1.802108,2.735792
llama-3.2-3b,K,28,0.017783,-0.007991,0.025063,high_freq,224,0.126343,0.096904,0.361204,0.522824,0.549527,1.641103,2.605545
llama-3.2-3b,K,29,0.015399,0.003815,0.000527,high_freq,224,0.124028,0.090824,0.363509,0.554131,0.693291,2.293510,4.524686
llama-3.2-3b,K,30,0.013335,-0.017483,0.024473,high_freq,224,0.112279,0.090772,0.272292,0.386735,0.474160,1.537460,2.304064
llama-3.2-3b,K,31,0.011548,-0.004186,0.041912,high_freq,224,0.114798,0.092171,0.301558,0.578115,0.567097,1.985781,3.152069
llama-3.2-3b,K,32,0.010000,-0.003392,0.048624,high_freq,224,0.098818,0.078925,0.261389,0.475556,0.435320,1.606129,2.466355
llama-3.2-3b,K,33,0.008660,-0.022692,0.045249,high_freq,224,0.111724,0.077325,0.310247,0.679700,0.892313,2.343418,4.872853
llama-3.2-3b,K,34,0.007499,-0.021037,0.007504,high_freq,224,0.120568,0.098806,0.307301,0.761402,0.620990,1.824364,2.676073
llama-3.2-3b,K,35,0.006494,0.037170,0.033903,high_freq,224,0.105954,0.086474,0.292552,0.552838,0.459930,1.615190,2.992472
llama-3.2-3b,K,36,0.005623,-0.037860,0.065093,high_freq,224,0.100330,0.071104,0.296358,0.795853,0.541737,1.960844,2.549113
llama-3.2-3b,K,37,0.004870,0.044471,0.027461,high_freq,224,0.104881,0.071655,0.304563,0.891749,0.666830,2.541951,3.837775
llama-3.2-3b,K,38,0.004217,-0.058139,0.058002,high_freq,224,0.145164,0.092127,0.492696,0.906785,1.001829,3.294855,4.673340
llama-3.2-3b,K,39,0.003652,0.045170,0.115920,high_freq,224,0.206086,0.117728,0.665090,0.862980,1.144460,3.440961,6.533728
llama-3.2-3b,K,40,0.003162,0.029071,0.005782,high_freq,224,0.201034,0.095779,0.783917,0.918650,0.815804,2.962195,6.163169
llama-3.2-3b,K,41,0.002738,-0.087176,0.069373,high_freq,224,0.185645,0.090882,0.805128,0.927343,0.611604,2.368073,3.692067
llama-3.2-3b,K,42,0.002371,-0.029757,0.201586,high_freq,224,0.160127,0.078542,0.712481,0.949998,0.498611,2.112968,4.135575
llama-3.2-3b,K,43,0.002054,0.100528,0.181971,high_freq,224,0.152772,0.092534,0.646515,0.956926,0.406370,1.720654,2.201926
llama-3.2-3b,K,44,0.001778,0.115461,0.063392,high_freq,224,0.147767,0.078420,0.618008,0.972856,0.353322,1.208822,2.040379
llama-3.2-3b,K,45,0.001540,0.003861,0.000053,high_freq,224,0.140678,0.089527,0.518390,0.978887,0.390849,1.171876,3.611920
llama-3.2-3b,K,46,0.001334,-0.134071,0.058145,high_freq,224,0.128420,0.079975,0.388124,0.975300,0.403555,1.308087,3.503111
llama-3.2-3b,K,47,0.001155,-0.211624,0.207453,high_freq,224,0.111783,0.072437,0.285982,0.892062,0.384465,1.090895,3.245467
llama-3.2-3b,K,48,0.001000,-0.199597,0.385077,high_freq,224,0.118069,0.092855,0.314316,0.778706,0.374055,1.099190,3.758005
llama-3.2-3b,K,49,0.000866,-0.111657,0.540910,high_freq,224,0.115984,0.089665,0.285401,0.875473,0.351001,0.992268,2.797565
llama-3.2-3b,K,50,0.000750,0.022292,0.650353,high_freq,224,0.102288,0.074223,0.258199,0.668537,0.421133,1.166242,2.869502
llama-3.2-3b,K,51,0.000649,0.173724,0.709245,high_freq,224,0.101027,0.074722,0.240375,0.955819,0.389830,1.132146,2.136174
llama-3.2-3b,K,52,0.000562,0.322370,0.724679,high_freq,224,0.105596,0.080311,0.273654,0.766054,0.398522,1.067468,2.768781
llama-3.2-3b,K,53,0.000487,0.456647,0.707750,high_freq,224,0.109336,0.081041,0.334700,0.900813,0.437241,1.246444,3.673608
llama-3.2-3b,K,54,0.000422,0.571593,0.669410,low_freq,224,0.106263,0.088079,0.251786,0.406348,0.419159,1.087342,4.066346
llama-3.2-3b,K,55,0.000365,0.666452,0.618679,low_freq,224,0.107029,0.078519,0.349168,0.930108,0.394670,1.291722,2.411951
llama-3.2-3b,K,56,0.000316,0.742743,0.562238,low_freq,224,0.096460,0.072998,0.246199,0.671393,0.481093,1.532789,2.716951
llama-3.2-3b,K,57,0.000274,0.802978,0.504661,low_freq,224,0.102960,0.068808,0.298351,0.921895,0.432099,1.451235,3.262507
llama-3.2-3b,K,58,0.000237,0.849905,0.448857,low_freq,224,0.107021,0.085456,0.269725,0.733893,0.416072,1.097106,2.128178
llama-3.2-3b,K,59,0.000205,0.886105,0.396526,low_freq,224,0.109145,0.087079,0.253722,0.994826,0.356946,1.241909,2.228058
llama-3.2-3b,K,60,0.000178,0.913831,0.348535,low_freq,224,0.111586,0.095585,0.278982,0.637252,0.416386,1.208810,3.671352
llama-3.2-3b,K,61,0.000154,0.934951,0.305203,low_freq,224,0.120304,0.087257,0.317508,0.998482,0.344660,1.060599,2.448012
llama-3.2-3b,K,62,0.000133,0.950977,0.266509,low_freq,224,0.110716,0.089821,0.286743,0.797455,0.392435,1.202385,2.575009
llama-3.2-3b,K,63,0.000115,0.963100,0.232234,low_freq,224,0.098439,0.079635,0.254822,0.466818,0.437064,1.325463,3.296139
llama-3.2-3b-instruct,Q,0,1.000000,-0.000141,-0.000114,high_freq,672,0.193675,0.148650,0.531083,0.968962,0.383981,1.189858,2.770529
llama-3.2-3b-instruct,Q,1,0.865964,-0.000513,0.000381,high_freq,672,0.179580,0.139528,0.474010,0.929475,0.367048,1.057709,2.487428
llama-3.2-3b-instruct,Q,2,0.749894,-0.000302,-0.000091,high_freq,672,0.167392,0.128616,0.445402,0.841377,0.394297,1.099526,2.378645
llama-3.2-3b-instruct,Q,3,0.649382,-0.000082,0.000691,high_freq,672,0.170974,0.135410,0.440667,0.848660,0.380592,1.021065,2.708057
llama-3.2-3b-instruct,Q,4,0.562341,-0.000657,0.000585,high_freq,672,0.157357,0.121699,0.430875,0.883681,0.363262,1.075914,3.139488
llama-3.2-3b-instruct,Q,5,0.486968,-0.000345,0.000973,high_freq,672,0.158196,0.124316,0.422397,0.778594,0.396664,1.239986,3.666756
llama-3.2-3b-instruct,Q,6,0.421697,-0.000354,-0.000042,high_freq,672,0.149972,0.119507,0.374183,0.750692,0.377136,1.201806,2.899116
llama-3.2-3b-instruct,Q,7,0.365174,0.000207,0.000125,high_freq,672,0.153413,0.123367,0.397431,0.927119,0.378561,1.176463,3.390758
llama-3.2-3b-instruct,Q,8,0.316228,0.000501,0.000498,high_freq,672,0.145048,0.114829,0.364651,0.912861,0.395427,1.279720,3.295807
llama-3.2-3b-instruct,Q,9,0.273842,-0.000581,0.001707,high_freq,672,0.137474,0.106953,0.382838,0.827060,0.379148,1.134562,3.044140
llama-3.2-3b-instruct,Q,10,0.237137,-0.000989,0.001734,high_freq,672,0.149268,0.124681,0.386312,0.899282,0.373490,1.178515,2.386774
llama-3.2-3b-instruct,Q,11,0.205353,-0.000937,0.000196,high_freq,672,0.143045,0.115047,0.384483,0.843576,0.390493,1.213222,3.780226
llama-3.2-3b-instruct,Q,12,0.177828,-0.000637,0.000035,high_freq,672,0.137883,0.101162,0.373238,0.855298,0.393613,1.194722,2.704635
llama-3.2-3b-instruct,Q,13,0.153993,0.000591,0.002928,high_freq,672,0.148316,0.114737,0.386022,0.912911,0.398331,1.215407,4.241275
llama-3.2-3b-instruct,Q,14,0.133352,-0.000775,0.000062,high_freq,672,0.136517,0.108739,0.347389,0.831750,0.398352,1.063148,4.130238
llama-3.2-3b-instruct,Q,15,0.115478,0.001777,0.002740,high_freq,672,0.145681,0.112431,0.378815,0.903605,0.392452,1.136251,3.158345
llama-3.2-3b-instruct,Q,16,0.100000,0.002108,0.001763,high_freq,672,0.144348,0.115080,0.343557,0.875340,0.407973,1.195431,3.163406
llama-3.2-3b-instruct,Q,17,0.086596,0.000356,0.005570,high_freq,672,0.139203,0.102579,0.363088,0.858369,0.377451,1.076781,2.029419
llama-3.2-3b-instruct,Q,18,0.074989,-0.002202,0.000644,high_freq,672,0.138591,0.108014,0.365504,0.886328,0.388014,1.106010,2.273236
llama-3.2-3b-instruct,Q,19,0.064938,0.002888,0.005838,high_freq,672,0.141475,0.110579,0.364352,0.951801,0.356044,1.047089,2.545015
llama-3.2-3b-instruct,Q,20,0.056234,-0.004023,0.006479,high_freq,672,0.140569,0.111011,0.377253,0.946453,0.347939,0.900291,1.991721
llama-3.2-3b-instruct,Q,21,0.048697,-0.005259,0.004912,high_freq,672,0.137027,0.103928,0.381924,0.860518,0.353350,0.968258,2.073890
llama-3.2-3b-instruct,Q,22,0.042170,-0.000137,0.011576,high_freq,672,0.121082,0.092465,0.322066,0.776001,0.347868,1.090720,2.490470
llama-3.2-3b-instruct,Q,23,0.036517,-0.006439,0.004164,high_freq,672,0.137541,0.107146,0.366692,0.944882,0.364412,1.033725,1.711446
llama-3.2-3b-instruct,Q,24,0.031623,-0.005526,0.013351,high_freq,672,0.134691,0.101299,0.393010,0.944066,0.358965,0.979470,2.334495
llama-3.2-3b-instruct,Q,25,0.027384,-0.007252,0.003401,high_freq,672,0.125914,0.092987,0.328789,0.930660,0.380363,1.163836,2.435339
llama-3.2-3b-instruct,Q,26,0.023714,0.002145,0.020309,high_freq,672,0.133502,0.104740,0.353846,0.914068,0.339734,0.941886,2.640620
llama-3.2-3b-instruct,Q,27,0.020535,0.007325,0.021056,high_freq,672,0.123742,0.091510,0.358292,0.835852,0.313916,0.901254,1.775578
llama-3.2-3b-instruct,Q,28,0.017783,-0.007991,0.025063,high_freq,672,0.120276,0.085159,0.339882,0.912811,0.324114,1.003720,2.456664
llama-3.2-3b-instruct,Q,29,0.015399,0.003815,0.000527,high_freq,672,0.115921,0.088854,0.336006,0.818963,0.421455,1.382378,3.141882
llama-3.2-3b-instruct,Q,30,0.013335,-0.017483,0.024473,high_freq,672,0.122125,0.093409,0.331828,0.837274,0.330652,0.990260,2.316108
llama-3.2-3b-instruct,Q,31,0.011548,-0.004186,0.041912,high_freq,672,0.112638,0.077425,0.310455,0.944720,0.356911,1.121207,2.140125
llama-3.2-3b-instruct,Q,32,0.010000,-0.003392,0.048624,high_freq,672,0.117469,0.086547,0.310380,0.897987,0.318135,0.977651,2.732416
llama-3.2-3b-instruct,Q,33,0.008660,-0.022692,0.045249,high_freq,672,0.125989,0.098085,0.322838,0.880445,0.536370,1.865437,2.810846
llama-3.2-3b-instruct,Q,34,0.007499,-0.021037,0.007504,high_freq,672,0.118443,0.086704,0.314742,0.834260,0.428157,1.341067,3.669053
llama-3.2-3b-instruct,Q,35,0.006494,0.037170,0.033903,high_freq,672,0.116256,0.086019,0.304156,0.770371,0.326728,0.959101,3.150226
llama-3.2-3b-instruct,Q,36,0.005623,-0.037860,0.065093,high_freq,672,0.113223,0.088809,0.295238,0.790870,0.409891,1.445008,3.264699
llama-3.2-3b-instruct,Q,37,0.004870,0.044471,0.027461,high_freq,672,0.131089,0.100986,0.366758,0.902202,0.501914,1.954555,5.805341
llama-3.2-3b-instruct,Q,38,0.004217,-0.058139,0.058002,high_freq,672,0.143427,0.105092,0.389671,0.872117,0.846914,2.946142,5.449780
llama-3.2-3b-instruct,Q,39,0.003652,0.045170,0.115920,high_freq,672,0.175165,0.117583,0.505975,0.943978,0.968675,3.042860,5.980382
llama-3.2-3b-instruct,Q,40,0.003162,0.029071,0.005782,high_freq,672,0.191161,0.118595,0.614147,0.919620,0.682892,2.611848,5.125188
llama-3.2-3b-instruct,Q,41,0.002738,-0.087176,0.069373,high_freq,672,0.186929,0.105883,0.683551,0.946294,0.525697,2.124232,4.016617
llama-3.2-3b-instruct,Q,42,0.002371,-0.029757,0.201586,high_freq,672,0.172004,0.094284,0.666369,0.947986,0.422727,1.749962,3.447161
llama-3.2-3b-instruct,Q,43,0.002054,0.100528,0.181971,high_freq,672,0.157057,0.099794,0.603085,0.903041,0.356316,1.375984,2.400328
llama-3.2-3b-instruct,Q,44,0.001778,0.115461,0.063392,high_freq,672,0.158682,0.100896,0.600535,0.916390,0.321401,1.122693,2.296278
llama-3.2-3b-instruct,Q,45,0.001540,0.003861,0.000053,high_freq,672,0.157164,0.094138,0.598246,0.954875,0.328898,1.060522,2.133854
llama-3.2-3b-instruct,Q,46,0.001334,-0.134071,0.058145,high_freq,672,0.155173,0.099388,0.552142,0.943366,0.348452,1.090768,2.695244
llama-3.2-3b-instruct,Q,47,0.001155,-0.211624,0.207453,high_freq,672,0.139429,0.099035,0.419382,0.943596,0.330050,0.927415,2.015080
llama-3.2-3b-instruct,Q,48,0.001000,-0.199597,0.385077,high_freq,672,0.141645,0.105937,0.386879,0.949453,0.354404,1.030244,2.103065
llama-3.2-3b-instruct,Q,49,0.000866,-0.111657,0.540910,high_freq,672,0.142689,0.104210,0.386554,0.943548,0.348487,1.029253,5.029049
llama-3.2-3b-instruct,Q,50,0.000750,0.022292,0.650353,high_freq,672,0.133538,0.101968,0.354125,0.869361,0.404371,1.162949,3.080583
llama-3.2-3b-instruct,Q,51,0.000649,0.173724,0.709245,high_freq,672,0.130575,0.102861,0.323041,0.991824,0.367645,1.061153,2.873264
llama-3.2-3b-instruct,Q,52,0.000562,0.322370,0.724679,high_freq,672,0.128985,0.102093,0.344108,0.758472,0.371126,1.052496,4.634934
llama-3.2-3b-instruct,Q,53,0.000487,0.456647,0.707750,high_freq,672,0.127694,0.090540,0.380250,0.899913,0.415767,1.349587,5.078557
llama-3.2-3b-instruct,Q,54,0.000422,0.571593,0.669410,low_freq,672,0.133443,0.102645,0.345150,0.837288,0.368555,1.117188,2.908144
llama-3.2-3b-instruct,Q,55,0.000365,0.666452,0.618679,low_freq,672,0.127602,0.098300,0.318956,0.992371,0.385995,1.134863,2.949210
llama-3.2-3b-instruct,Q,56,0.000316,0.742743,0.562238,low_freq,672,0.128646,0.097337,0.362220,0.796354,0.368299,1.116682,2.829641
llama-3.2-3b-instruct,Q,57,0.000274,0.802978,0.504661,low_freq,672,0.128327,0.096626,0.375594,0.985986,0.406692,1.340957,2.843440
llama-3.2-3b-instruct,Q,58,0.000237,0.849905,0.448857,low_freq,672,0.132020,0.099770,0.337475,0.701319,0.368106,1.004234,2.199722
llama-3.2-3b-instruct,Q,59,0.000205,0.886105,0.396526,low_freq,672,0.134960,0.101995,0.336778,0.999395,0.375857,1.120047,2.926141
llama-3.2-3b-instruct,Q,60,0.000178,0.913831,0.348535,low_freq,672,0.132978,0.108254,0.332059,0.774889,0.393610,1.208339,4.822723
llama-3.2-3b-instruct,Q,61,0.000154,0.934951,0.305203,low_freq,672,0.131480,0.092527,0.395853,0.999819,0.399997,1.225639,2.997252
llama-3.2-3b-instruct,Q,62,0.000133,0.950977,0.266509,low_freq,672,0.129714,0.097046,0.358887,0.660818,0.405095,1.206412,3.465776
llama-3.2-3b-instruct,Q,63,0.000115,0.963100,0.232234,low_freq,672,0.130264,0.102116,0.359708,0.893813,0.392680,1.228827,3.912422
llama-3.2-3b-instruct,K,0,1.000000,-0.000141,-0.000114,high_freq,224,0.311105,0.286438,0.729984,0.954238,0.680308,1.599278,2.505749
llama-3.2-3b-instruct,K,1,0.865964,-0.000513,0.000381,high_freq,224,0.253648,0.204641,0.603982,0.877145,0.550133,1.353299,2.271477
llama-3.2-3b-instruct,K,2,0.749894,-0.000302,-0.000091,high_freq,224,0.279729,0.230142,0.650531,0.880113,0.578044,1.595004,2.226488
llama-3.2-3b-instruct,K,3,0.649382,-0.000082,0.000691,high_freq,224,0.254051,0.198400,0.619056,0.839288,0.572523,1.609678,3.064987
llama-3.2-3b-instruct,K,4,0.562341,-0.000657,0.000585,high_freq,224,0.244338,0.203282,0.583359,0.793647,0.558078,1.452429,2.955345
llama-3.2-3b-instruct,K,5,0.486968,-0.000345,0.000973,high_freq,224,0.257935,0.218309,0.614018,0.738632,0.591140,1.437152,3.422807
llama-3.2-3b-instruct,K,6,0.421697,-0.000354,-0.000042,high_freq,224,0.238266,0.213766,0.566454,0.851547,0.554769,1.435329,2.938865
llama-3.2-3b-instruct,K,7,0.365174,0.000207,0.000125,high_freq,224,0.241426,0.189088,0.588993,0.852817,0.560667,1.622400,2.198337
llama-3.2-3b-instruct,K,8,0.316228,0.000501,0.000498,high_freq,224,0.236231,0.201975,0.548794,0.881413,0.550120,1.372221,2.576793
llama-3.2-3b-instruct,K,9,0.273842,-0.000581,0.001707,high_freq,224,0.207827,0.157369,0.515922,0.821122,0.543137,1.399944,2.392449
llama-3.2-3b-instruct,K,10,0.237137,-0.000989,0.001734,high_freq,224,0.209821,0.153959,0.534980,0.827591,0.531387,1.465629,2.802237
llama-3.2-3b-instruct,K,11,0.205353,-0.000937,0.000196,high_freq,224,0.209825,0.176117,0.541133,0.833238,0.568232,1.597239,2.463312
llama-3.2-3b-instruct,K,12,0.177828,-0.000637,0.000035,high_freq,224,0.193755,0.166284,0.532942,0.690706,0.603591,1.503212,3.159295
llama-3.2-3b-instruct,K,13,0.153993,0.000591,0.002928,high_freq,224,0.176117,0.135325,0.466633,0.674664,0.522612,1.378780,3.024502
llama-3.2-3b-instruct,K,14,0.133352,-0.000775,0.000062,high_freq,224,0.185685,0.158436,0.465316,0.608996,0.544042,1.511704,2.980131
llama-3.2-3b-instruct,K,15,0.115478,0.001777,0.002740,high_freq,224,0.181525,0.146309,0.481096,0.748023,0.524909,1.607853,2.280835
llama-3.2-3b-instruct,K,16,0.100000,0.002108,0.001763,high_freq,224,0.185606,0.151072,0.492871,0.823636,0.517828,1.498074,2.012494
llama-3.2-3b-instruct,K,17,0.086596,0.000356,0.005570,high_freq,224,0.182211,0.140437,0.504746,0.769462,0.474395,1.207083,2.577137
llama-3.2-3b-instruct,K,18,0.074989,-0.002202,0.000644,high_freq,224,0.161987,0.124314,0.392920,0.661119,0.523337,1.404276,2.438728
llama-3.2-3b-instruct,K,19,0.064938,0.002888,0.005838,high_freq,224,0.158245,0.121682,0.446019,0.705087,0.472614,1.221362,2.900038
llama-3.2-3b-instruct,K,20,0.056234,-0.004023,0.006479,high_freq,224,0.150931,0.116746,0.397080,0.818248,0.438919,1.169286,2.137886
llama-3.2-3b-instruct,K,21,0.048697,-0.005259,0.004912,high_freq,224,0.156452,0.123836,0.376712,0.753525,0.473731,1.447813,2.194676
llama-3.2-3b-instruct,K,22,0.042170,-0.000137,0.011576,high_freq,224,0.230323,0.184644,0.600388,0.726345,0.702082,1.609693,2.804264
llama-3.2-3b-instruct,K,23,0.036517,-0.006439,0.004164,high_freq,224,0.139336,0.114441,0.367060,0.581436,0.468917,1.278043,2.144382
llama-3.2-3b-instruct,K,24,0.031623,-0.005526,0.013351,high_freq,224,0.149840,0.117142,0.383114,0.650843,0.508416,1.526084,2.576966
llama-3.2-3b-instruct,K,25,0.027384,-0.007252,0.003401,high_freq,224,0.134841,0.105614,0.345967,0.678753,0.486760,1.345740,2.551025
llama-3.2-3b-instruct,K,26,0.023714,0.002145,0.020309,high_freq,224,0.115279,0.090083,0.312805,0.522588,0.482618,1.604063,3.441545
llama-3.2-3b-instruct,K,27,0.020535,0.007325,0.021056,high_freq,224,0.119835,0.097757,0.291542,0.485961,0.495017,1.622099,2.681255
llama-3.2-3b-instruct,K,28,0.017783,-0.007991,0.025063,high_freq,224,0.122614,0.093869,0.329734,0.567621,0.503049,1.619277,2.672390
llama-3.2-3b-instruct,K,29,0.015399,0.003815,0.000527,high_freq,224,0.113236,0.091319,0.334533,0.511547,0.635913,2.043989,4.107651
llama-3.2-3b-instruct,K,30,0.013335,-0.017483,0.024473,high_freq,224,0.108439,0.089569,0.266968,0.377253,0.432651,1.437246,2.255169
llama-3.2-3b-instruct,K,31,0.011548,-0.004186,0.041912,high_freq,224,0.107224,0.086688,0.274703,0.574267,0.565635,1.904141,3.243257
llama-3.2-3b-instruct,K,32,0.010000,-0.003392,0.048624,high_freq,224,0.097064,0.073109,0.247449,0.683744,0.413131,1.479624,2.285516
llama-3.2-3b-instruct,K,33,0.008660,-0.022692,0.045249,high_freq,224,0.106522,0.076982,0.281053,0.724922,0.869309,2.373118,4.542559
llama-3.2-3b-instruct,K,34,0.007499,-0.021037,0.007504,high_freq,224,0.114312,0.082972,0.316171,0.736550,0.593105,1.828105,2.621787
llama-3.2-3b-instruct,K,35,0.006494,0.037170,0.033903,high_freq,224,0.103993,0.080949,0.290204,0.600777,0.444636,1.631447,2.883227
llama-3.2-3b-instruct,K,36,0.005623,-0.037860,0.065093,high_freq,224,0.098506,0.075640,0.235823,0.777970,0.503066,1.726728,2.456450
llama-3.2-3b-instruct,K,37,0.004870,0.044471,0.027461,high_freq,224,0.108970,0.071538,0.272250,0.941452,0.641065,2.407864,4.173575
llama-3.2-3b-instruct,K,38,0.004217,-0.058139,0.058002,high_freq,224,0.154381,0.099827,0.459206,0.884564,0.991423,3.286261,5.344098
llama-3.2-3b-instruct,K,39,0.003652,0.045170,0.115920,high_freq,224,0.215740,0.133342,0.635950,0.816409,1.113495,3.330262,6.832115
llama-3.2-3b-instruct,K,40,0.003162,0.029071,0.005782,high_freq,224,0.205828,0.095718,0.725304,0.899924,0.773297,2.752173,6.306371
llama-3.2-3b-instruct,K,41,0.002738,-0.087176,0.069373,high_freq,224,0.181562,0.089869,0.792232,0.923176,0.588291,2.248785,3.984448
llama-3.2-3b-instruct,K,42,0.002371,-0.029757,0.201586,high_freq,224,0.161823,0.082882,0.733285,0.964162,0.488102,1.955446,4.257740
llama-3.2-3b-instruct,K,43,0.002054,0.100528,0.181971,high_freq,224,0.154429,0.093035,0.620441,0.938386,0.383927,1.614520,2.130045
llama-3.2-3b-instruct,K,44,0.001778,0.115461,0.063392,high_freq,224,0.149420,0.082911,0.592953,0.980737,0.354931,1.171439,2.034338
llama-3.2-3b-instruct,K,45,0.001540,0.003861,0.000053,high_freq,224,0.139191,0.077934,0.511901,0.977119,0.385084,1.067886,3.638146
llama-3.2-3b-instruct,K,46,0.001334,-0.134071,0.058145,high_freq,224,0.130487,0.089793,0.368069,0.977970,0.409965,1.289927,3.534202
llama-3.2-3b-instruct,K,47,0.001155,-0.211624,0.207453,high_freq,224,0.116814,0.080479,0.312180,0.862829,0.388543,1.040577,3.588003
llama-3.2-3b-instruct,K,48,0.001000,-0.199597,0.385077,high_freq,224,0.118753,0.093813,0.285344,0.831792,0.381860,1.057984,4.057755
llama-3.2-3b-instruct,K,49,0.000866,-0.111657,0.540910,high_freq,224,0.112687,0.090962,0.318316,0.877881,0.354094,1.073877,3.238540
llama-3.2-3b-instruct,K,50,0.000750,0.022292,0.650353,high_freq,224,0.108930,0.086589,0.278777,0.513473,0.437411,1.178334,3.529168
llama-3.2-3b-instruct,K,51,0.000649,0.173724,0.709245,high_freq,224,0.097701,0.076126,0.234773,0.960346,0.398821,1.169921,2.234415
llama-3.2-3b-instruct,K,52,0.000562,0.322370,0.724679,high_freq,224,0.102047,0.080249,0.254658,0.661181,0.407939,1.182258,2.856642
llama-3.2-3b-instruct,K,53,0.000487,0.456647,0.707750,high_freq,224,0.112794,0.084792,0.339961,0.881826,0.453271,1.288566,3.912864
llama-3.2-3b-instruct,K,54,0.000422,0.571593,0.669410,low_freq,224,0.106080,0.082943,0.254986,0.697258,0.419885,1.213652,4.197372
llama-3.2-3b-instruct,K,55,0.000365,0.666452,0.618679,low_freq,224,0.107860,0.078150,0.301054,0.972182,0.408780,1.286947,2.963884
llama-3.2-3b-instruct,K,56,0.000316,0.742743,0.562238,low_freq,224,0.095881,0.075707,0.254585,0.665355,0.491513,1.594003,3.253529
llama-3.2-3b-instruct,K,57,0.000274,0.802978,0.504661,low_freq,224,0.103488,0.072627,0.324033,0.851764,0.457793,1.521904,3.829872
llama-3.2-3b-instruct,K,58,0.000237,0.849905,0.448857,low_freq,224,0.103588,0.082786,0.282533,0.555781,0.426816,1.187653,2.274118
llama-3.2-3b-instruct,K,59,0.000205,0.886105,0.396526,low_freq,224,0.106882,0.086299,0.280898,0.997924,0.365192,1.166206,2.593129
llama-3.2-3b-instruct,K,60,0.000178,0.913831,0.348535,low_freq,224,0.108825,0.091369,0.262683,0.625661,0.427948,1.239315,3.918190
llama-3.2-3b-instruct,K,61,0.000154,0.934951,0.305203,low_freq,224,0.121634,0.086794,0.318251,0.999204,0.363818,1.049417,2.947529
llama-3.2-3b-instruct,K,62,0.000133,0.950977,0.266509,low_freq,224,0.105516,0.086405,0.286879,0.747360,0.407358,1.269413,3.109901
llama-3.2-3b-instruct,K,63,0.000115,0.963100,0.232234,low_freq,224,0.099066,0.078938,0.247655,0.597244,0.437825,1.450787,3.091481
llama-3.1-8b,Q,0,1.000000,-0.000141,-0.000114,high_freq,1024,0.181816,0.129676,0.530221,0.980168,0.346841,1.022439,2.336400
llama-3.1-8b,Q,1,0.865964,-0.000513,0.000381,high_freq,1024,0.157879,0.118638,0.450007,0.931903,0.344965,1.014989,3.959823
llama-3.1-8b,Q,2,0.749894,-0.000302,-0.000091,high_freq,1024,0.168742,0.131877,0.441751,0.960538,0.344891,1.009981,2.574877
llama-3.1-8b,Q,3,0.649382,-0.000082,0.000691,high_freq,1024,0.152478,0.117967,0.422680,0.906443,0.359985,1.058520,2.342805
llama-3.1-8b,Q,4,0.562341,-0.000657,0.000585,high_freq,1024,0.158971,0.123123,0.424991,0.864562,0.328347,0.963917,3.397112
llama-3.1-8b,Q,5,0.486968,-0.000345,0.000973,high_freq,1024,0.149972,0.120320,0.377446,0.924651,0.360289,1.077239,3.939151
llama-3.1-8b,Q,6,0.421697,-0.000354,-0.000042,high_freq,1024,0.154826,0.119966,0.434467,0.804686,0.347824,0.955221,3.770614
llama-3.1-8b,Q,7,0.365174,0.000207,0.000125,high_freq,1024,0.146700,0.114798,0.411678,0.792042,0.347837,1.039869,3.418355
llama-3.1-8b,Q,8,0.316228,0.000501,0.000498,high_freq,1024,0.145635,0.108661,0.400286,0.911735,0.359318,1.073487,3.734172
llama-3.1-8b,Q,9,0.273842,-0.000581,0.001707,high_freq,1024,0.139041,0.103967,0.388275,0.908024,0.345778,1.009445,3.402599
llama-3.1-8b,Q,10,0.237137,-0.000989,0.001734,high_freq,1024,0.140478,0.110039,0.384788,0.808130,0.373353,1.086239,2.872528
llama-3.1-8b,Q,11,0.205353,-0.000937,0.000196,high_freq,1024,0.140370,0.107235,0.371037,0.889415,0.350407,0.989120,3.760330
llama-3.1-8b,Q,12,0.177828,-0.000637,0.000035,high_freq,1024,0.136192,0.104442,0.370106,0.834854,0.366128,1.105271,3.138054
llama-3.1-8b,Q,13,0.153993,0.000591,0.002928,high_freq,1024,0.138651,0.107402,0.364011,0.844954,0.359712,1.035596,3.824090
llama-3.1-8b,Q,14,0.133352,-0.000775,0.000062,high_freq,1024,0.130084,0.105422,0.347143,0.769901,0.371851,1.023771,3.546157
llama-3.1-8b,Q,15,0.115478,0.001777,0.002740,high_freq,1024,0.138786,0.111024,0.364077,0.836884,0.351835,1.021885,4.006910
llama-3.1-8b,Q,16,0.100000,0.002108,0.001763,high_freq,1024,0.136518,0.102667,0.353382,0.828946,0.382691,1.128825,3.538704
llama-3.1-8b,Q,17,0.086596,0.000356,0.005570,high_freq,1024,0.132970,0.097879,0.370190,0.869998,0.351232,1.050776,2.654553
llama-3.1-8b,Q,18,0.074989,-0.002202,0.000644,high_freq,1024,0.128651,0.095348,0.346961,0.835718,0.351523,1.002500,2.951761
llama-3.1-8b,Q,19,0.064938,0.002888,0.005838,high_freq,1024,0.137532,0.104668,0.369389,0.891776,0.324426,0.898513,2.843457
llama-3.1-8b,Q,20,0.056234,-0.004023,0.006479,high_freq,1024,0.132643,0.100692,0.357677,0.896347,0.341340,0.998748,2.547577
llama-3.1-8b,Q,21,0.048697,-0.005259,0.004912,high_freq,1024,0.129909,0.100594,0.348815,0.688215,0.322206,0.885469,3.078948
llama-3.1-8b,Q,22,0.042170,-0.000137,0.011576,high_freq,1024,0.111663,0.081003,0.314753,0.924566,0.294875,0.956730,2.831563
llama-3.1-8b,Q,23,0.036517,-0.006439,0.004164,high_freq,1024,0.129049,0.100326,0.340324,0.917122,0.334664,0.998013,2.958474
llama-3.1-8b,Q,24,0.031623,-0.005526,0.013351,high_freq,1024,0.131975,0.098171,0.364062,0.960299,0.322504,0.937026,3.118753
llama-3.1-8b,Q,25,0.027384,-0.007252,0.003401,high_freq,1024,0.130169,0.101309,0.352328,0.904757,0.337107,1.101647,2.818186
llama-3.1-8b,Q,26,0.023714,0.002145,0.020309,high_freq,1024,0.123425,0.092030,0.342912,0.871976,0.306426,0.871267,2.828508
llama-3.1-8b,Q,27,0.020535,0.007325,0.021056,high_freq,1024,0.117042,0.085310,0.349090,0.860860,0.308720,0.924864,2.744970
llama-3.1-8b,Q,28,0.017783,-0.007991,0.025063,high_freq,1024,0.112497,0.081443,0.323245,0.834144,0.292806,0.875978,2.644319
llama-3.1-8b,Q,29,0.015399,0.003815,0.000527,high_freq,1024,0.110183,0.080017,0.314822,0.721421,0.360798,1.139777,3.175645
llama-3.1-8b,Q,30,0.013335,-0.017483,0.024473,high_freq,1024,0.117535,0.088291,0.320574,0.870131,0.305807,0.928154,2.763383
llama-3.1-8b,Q,31,0.011548,-0.004186,0.041912,high_freq,1024,0.106005,0.077536,0.305161,0.893089,0.291488,0.930070,2.492699
llama-3.1-8b,Q,32,0.010000,-0.003392,0.048624,high_freq,1024,0.112880,0.086508,0.300600,0.883001,0.290033,0.849151,2.547800
llama-3.1-8b,Q,33,0.008660,-0.022692,0.045249,high_freq,1024,0.124573,0.093741,0.339275,0.833193,0.461970,1.633325,3.169784
llama-3.1-8b,Q,34,0.007499,-0.021037,0.007504,high_freq,1024,0.111642,0.085429,0.297762,0.706138,0.392182,1.217184,2.475230
llama-3.1-8b,Q,35,0.006494,0.037170,0.033903,high_freq,1024,0.104342,0.079462,0.284438,0.828326,0.289889,0.856122,2.093937
llama-3.1-8b,Q,36,0.005623,-0.037860,0.065093,high_freq,1024,0.114001,0.085887,0.305200,0.921664,0.355894,1.218864,3.490016
llama-3.1-8b,Q,37,0.004870,0.044471,0.027461,high_freq,1024,0.118861,0.088774,0.339157,0.740047,0.448334,1.590384,4.585439
llama-3.1-8b,Q,38,0.004217,-0.058139,0.058002,high_freq,1024,0.129570,0.091714,0.367179,0.914143,0.658874,2.302238,3.977805
llama-3.1-8b,Q,39,0.003652,0.045170,0.115920,high_freq,1024,0.155681,0.103501,0.460340,0.877155,0.702242,2.356445,4.110546
llama-3.1-8b,Q,40,0.003162,0.029071,0.005782,high_freq,1024,0.156554,0.100060,0.492541,0.922299,0.537184,2.061171,4.229099
llama-3.1-8b,Q,41,0.002738,-0.087176,0.069373,high_freq,1024,0.161469,0.094106,0.586574,0.900029,0.414233,1.772597,3.092831
llama-3.1-8b,Q,42,0.002371,-0.029757,0.201586,high_freq,1024,0.160558,0.088228,0.633795,0.928653,0.373576,1.489275,3.066243
llama-3.1-8b,Q,43,0.002054,0.100528,0.181971,high_freq,1024,0.140771,0.092788,0.524132,0.960425,0.326623,1.242427,2.365004
llama-3.1-8b,Q,44,0.001778,0.115461,0.063392,high_freq,1024,0.139254,0.088795,0.497146,0.942537,0.318249,1.167084,2.447531
llama-3.1-8b,Q,45,0.001540,0.003861,0.000053,high_freq,1024,0.152963,0.101627,0.534144,0.967364,0.344287,1.317008,2.625295
llama-3.1-8b,Q,46,0.001334,-0.134071,0.058145,high_freq,1024,0.148660,0.095235,0.528767,0.870441,0.356435,1.230402,2.556014
llama-3.1-8b,Q,47,0.001155,-0.211624,0.207453,high_freq,1024,0.135712,0.094747,0.416025,0.916948,0.330424,0.974997,3.640223
llama-3.1-8b,Q,48,0.001000,-0.199597,0.385077,high_freq,1024,0.139722,0.101332,0.396016,0.880468,0.374990,1.165943,3.040994
llama-3.1-8b,Q,49,0.000866,-0.111657,0.540910,high_freq,1024,0.141054,0.098591,0.427218,0.929234,0.367933,1.159781,3.427291
llama-3.1-8b,Q,50,0.000750,0.022292,0.650353,high_freq,1024,0.130768,0.099869,0.386221,0.743986,0.381790,1.108191,3.797453
llama-3.1-8b,Q,51,0.000649,0.173724,0.709245,high_freq,1024,0.135667,0.098031,0.381217,0.849884,0.371917,1.170914,3.290217
llama-3.1-8b,Q,52,0.000562,0.322370,0.724679,high_freq,1024,0.125248,0.093425,0.361010,0.857462,0.363194,1.055133,4.152535
llama-3.1-8b,Q,53,0.000487,0.456647,0.707750,high_freq,1024,0.139027,0.098001,0.405019,0.977420,0.372893,1.046192,4.089537
llama-3.1-8b,Q,54,0.000422,0.571593,0.669410,low_freq,1024,0.129169,0.105107,0.348169,0.897058,0.363410,1.081698,2.953783
llama-3.1-8b,Q,55,0.000365,0.666452,0.618679,low_freq,1024,0.125844,0.098330,0.353434,0.872732,0.370156,1.104491,3.704498
llama-3.1-8b,Q,56,0.000316,0.742743,0.562238,low_freq,1024,0.133295,0.098569,0.371861,0.877696,0.398440,1.172136,3.554607
llama-3.1-8b,Q,57,0.000274,0.802978,0.504661,low_freq,1024,0.128122,0.091958,0.371516,0.979915,0.391053,1.097041,3.129292
llama-3.1-8b,Q,58,0.000237,0.849905,0.448857,low_freq,1024,0.128936,0.098178,0.336684,0.899801,0.373438,1.129647,3.137878
llama-3.1-8b,Q,59,0.000205,0.886105,0.396526,low_freq,1024,0.122980,0.090169,0.326700,0.996311,0.392360,1.069803,3.516051
llama-3.1-8b,Q,60,0.000178,0.913831,0.348535,low_freq,1024,0.127535,0.096028,0.339325,0.943074,0.368597,1.158399,2.942378
llama-3.1-8b,Q,61,0.000154,0.934951,0.305203,low_freq,1024,0.123513,0.090553,0.326453,0.997968,0.388473,1.147283,2.729506
llama-3.1-8b,Q,62,0.000133,0.950977,0.266509,low_freq,1024,0.129546,0.102139,0.363303,0.916850,0.375091,1.036309,4.078755
llama-3.1-8b,Q,63,0.000115,0.963100,0.232234,low_freq,1024,0.128749,0.093795,0.351919,0.986755,0.363458,1.045807,4.624516
llama-3.1-8b,K,0,1.000000,-0.000141,-0.000114,high_freq,256,0.299720,0.257889,0.703593,0.932164,0.673950,1.491034,2.299526
llama-3.1-8b,K,1,0.865964,-0.000513,0.000381,high_freq,256,0.255467,0.200460,0.632050,0.865261,0.543881,1.427899,2.236595
llama-3.1-8b,K,2,0.749894,-0.000302,-0.000091,high_freq,256,0.278327,0.243887,0.652403,0.785657,0.590104,1.645229,2.648714
llama-3.1-8b,K,3,0.649382,-0.000082,0.000691,high_freq,256,0.283455,0.237102,0.641921,0.845053,0.573901,1.556556,2.932559
llama-3.1-8b,K,4,0.562341,-0.000657,0.000585,high_freq,256,0.260283,0.226951,0.577510,0.883371,0.542733,1.484569,2.751924
llama-3.1-8b,K,5,0.486968,-0.000345,0.000973,high_freq,256,0.257951,0.209001,0.648888,0.832659,0.553825,1.402835,3.711989
llama-3.1-8b,K,6,0.421697,-0.000354,-0.000042,high_freq,256,0.241860,0.211536,0.556933,0.888011,0.549009,1.501736,2.762927
llama-3.1-8b,K,7,0.365174,0.000207,0.000125,high_freq,256,0.242050,0.206124,0.618585,0.835266,0.540812,1.432805,3.256625
llama-3.1-8b,K,8,0.316228,0.000501,0.000498,high_freq,256,0.219477,0.168052,0.527467,0.849568,0.527973,1.408537,2.820893
llama-3.1-8b,K,9,0.273842,-0.000581,0.001707,high_freq,256,0.206447,0.163455,0.542938,0.789938,0.517522,1.335925,2.412625
llama-3.1-8b,K,10,0.237137,-0.000989,0.001734,high_freq,256,0.216875,0.201977,0.507494,0.810906,0.533487,1.431493,2.555048
llama-3.1-8b,K,11,0.205353,-0.000937,0.000196,high_freq,256,0.218914,0.182934,0.518960,0.873055,0.509482,1.498249,2.428689
llama-3.1-8b,K,12,0.177828,-0.000637,0.000035,high_freq,256,0.214181,0.180451,0.524179,0.794889,0.605713,1.561738,4.264343
llama-3.1-8b,K,13,0.153993,0.000591,0.002928,high_freq,256,0.184280,0.154276,0.465588,0.783322,0.552223,1.379586,3.337745
llama-3.1-8b,K,14,0.133352,-0.000775,0.000062,high_freq,256,0.196041,0.154378,0.483149,0.835484,0.544688,1.395634,3.127392
llama-3.1-8b,K,15,0.115478,0.001777,0.002740,high_freq,256,0.197144,0.154038,0.521207,0.912890,0.545234,1.504158,2.697149
llama-3.1-8b,K,16,0.100000,0.002108,0.001763,high_freq,256,0.184507,0.145877,0.499334,0.677380,0.525993,1.546604,2.855420
llama-3.1-8b,K,17,0.086596,0.000356,0.005570,high_freq,256,0.195612,0.157141,0.580990,0.879622,0.512116,1.396889,2.316524
llama-3.1-8b,K,18,0.074989,-0.002202,0.000644,high_freq,256,0.173480,0.128657,0.452488,0.714243,0.516705,1.369294,2.302437
llama-3.1-8b,K,19,0.064938,0.002888,0.005838,high_freq,256,0.162090,0.128404,0.441221,0.770786,0.532387,1.401786,3.588185
llama-3.1-8b,K,20,0.056234,-0.004023,0.006479,high_freq,256,0.159527,0.133163,0.433860,0.802805,0.509168,1.333242,2.519658
llama-3.1-8b,K,21,0.048697,-0.005259,0.004912,high_freq,256,0.165986,0.130734,0.441295,0.849289,0.523693,1.420956,2.568316
llama-3.1-8b,K,22,0.042170,-0.000137,0.011576,high_freq,256,0.222785,0.174961,0.623946,0.862754,0.762412,1.710070,3.508045
llama-3.1-8b,K,23,0.036517,-0.006439,0.004164,high_freq,256,0.168682,0.136375,0.444503,0.662400,0.486584,1.349732,2.727444
llama-3.1-8b,K,24,0.031623,-0.005526,0.013351,high_freq,256,0.155711,0.127304,0.419075,0.716455,0.499450,1.338858,3.423877
llama-3.1-8b,K,25,0.027384,-0.007252,0.003401,high_freq,256,0.144677,0.110414,0.397298,0.688725,0.520273,1.569671,3.076436
llama-3.1-8b,K,26,0.023714,0.002145,0.020309,high_freq,256,0.123898,0.104261,0.318178,0.730803,0.513394,1.504865,3.869107
llama-3.1-8b,K,27,0.020535,0.007325,0.021056,high_freq,256,0.126949,0.095227,0.346068,0.490462,0.512712,1.647593,3.605025
llama-3.1-8b,K,28,0.017783,-0.007991,0.025063,high_freq,256,0.125679,0.109203,0.311712,0.525063,0.534998,1.601926,3.466348
llama-3.1-8b,K,29,0.015399,0.003815,0.000527,high_freq,256,0.121212,0.088563,0.344396,0.675046,0.647384,2.169292,4.019124
llama-3.1-8b,K,30,0.013335,-0.017483,0.024473,high_freq,256,0.111266,0.084440,0.286613,0.475256,0.448048,1.566165,3.017243
llama-3.1-8b,K,31,0.011548,-0.004186,0.041912,high_freq,256,0.108742,0.084749,0.289783,0.523603,0.506957,1.847508,3.586452
llama-3.1-8b,K,32,0.010000,-0.003392,0.048624,high_freq,256,0.107225,0.095573,0.252539,0.435480,0.419337,1.414788,2.798910
llama-3.1-8b,K,33,0.008660,-0.022692,0.045249,high_freq,256,0.123038,0.092554,0.319223,0.695830,0.775613,2.352119,4.221647
llama-3.1-8b,K,34,0.007499,-0.021037,0.007504,high_freq,256,0.122923,0.090803,0.347146,0.570920,0.558917,1.962801,3.051621
llama-3.1-8b,K,35,0.006494,0.037170,0.033903,high_freq,256,0.106889,0.080472,0.280283,0.574921,0.349519,1.337477,1.889035
llama-3.1-8b,K,36,0.005623,-0.037860,0.065093,high_freq,256,0.097911,0.078956,0.264557,0.816595,0.444352,1.607001,3.714468
llama-3.1-8b,K,37,0.004870,0.044471,0.027461,high_freq,256,0.093068,0.062757,0.290882,0.638518,0.553854,2.162361,3.975517
llama-3.1-8b,K,38,0.004217,-0.058139,0.058002,high_freq,256,0.128968,0.092719,0.378919,0.748277,0.835495,2.858026,3.928434
llama-3.1-8b,K,39,0.003652,0.045170,0.115920,high_freq,256,0.133690,0.082742,0.434620,0.748916,0.909740,2.904587,4.385734
llama-3.1-8b,K,40,0.003162,0.029071,0.005782,high_freq,256,0.135711,0.080530,0.478853,0.764225,0.693243,2.557718,3.646356
llama-3.1-8b,K,41,0.002738,-0.087176,0.069373,high_freq,256,0.140983,0.089376,0.508433,0.814808,0.546507,2.429519,3.458345
llama-3.1-8b,K,42,0.002371,-0.029757,0.201586,high_freq,256,0.132073,0.086511,0.509096,0.791681,0.485514,2.370024,3.232239
llama-3.1-8b,K,43,0.002054,0.100528,0.181971,high_freq,256,0.127746,0.082412,0.466892,0.874745,0.383615,1.573765,2.889832
llama-3.1-8b,K,44,0.001778,0.115461,0.063392,high_freq,256,0.127602,0.076326,0.535876,0.774645,0.382687,1.512231,2.640898
llama-3.1-8b,K,45,0.001540,0.003861,0.000053,high_freq,256,0.127096,0.073894,0.513553,0.928985,0.414682,1.617102,4.818928
llama-3.1-8b,K,46,0.001334,-0.134071,0.058145,high_freq,256,0.135726,0.082498,0.450583,0.926641,0.391085,1.436742,4.211890
llama-3.1-8b,K,47,0.001155,-0.211624,0.207453,high_freq,256,0.110954,0.073716,0.358902,0.870957,0.376755,1.113507,3.890555
llama-3.1-8b,K,48,0.001000,-0.199597,0.385077,high_freq,256,0.117463,0.086994,0.314748,0.888621,0.427148,1.285584,3.541723
llama-3.1-8b,K,49,0.000866,-0.111657,0.540910,high_freq,256,0.117597,0.079657,0.360434,0.930937,0.381221,1.279912,2.578797
llama-3.1-8b,K,50,0.000750,0.022292,0.650353,high_freq,256,0.104612,0.072008,0.288141,0.677247,0.393077,1.222555,2.853827
llama-3.1-8b,K,51,0.000649,0.173724,0.709245,high_freq,256,0.100861,0.070945,0.266980,0.937600,0.402465,1.315090,2.335091
llama-3.1-8b,K,52,0.000562,0.322370,0.724679,high_freq,256,0.095009,0.069031,0.257348,0.626604,0.382829,1.077762,2.744522
llama-3.1-8b,K,53,0.000487,0.456647,0.707750,high_freq,256,0.115505,0.078362,0.345032,0.973203,0.398205,1.149753,3.437594
llama-3.1-8b,K,54,0.000422,0.571593,0.669410,low_freq,256,0.098047,0.077022,0.256904,0.636815,0.416626,1.233306,4.612970
llama-3.1-8b,K,55,0.000365,0.666452,0.618679,low_freq,256,0.096782,0.068831,0.243357,0.913369,0.367031,1.099459,1.982305
llama-3.1-8b,K,56,0.000316,0.742743,0.562238,low_freq,256,0.101582,0.073424,0.304429,0.649071,0.438734,1.321603,3.181948
llama-3.1-8b,K,57,0.000274,0.802978,0.504661,low_freq,256,0.110575,0.084357,0.296661,0.970720,0.377109,1.245669,3.696580
llama-3.1-8b,K,58,0.000237,0.849905,0.448857,low_freq,256,0.102876,0.080555,0.270348,0.816833,0.389558,1.086220,3.391934
llama-3.1-8b,K,59,0.000205,0.886105,0.396526,low_freq,256,0.101772,0.072919,0.302035,0.998355,0.400325,1.269493,3.437739
llama-3.1-8b,K,60,0.000178,0.913831,0.348535,low_freq,256,0.103686,0.071205,0.306204,0.752851,0.377667,1.143810,3.836177
llama-3.1-8b,K,61,0.000154,0.934951,0.305203,low_freq,256,0.107926,0.073114,0.312620,0.999354,0.376761,1.267476,2.637278
llama-3.1-8b,K,62,0.000133,0.950977,0.266509,low_freq,256,0.105061,0.079213,0.286545,0.744460,0.373459,1.096618,2.796423
llama-3.1-8b,K,63,0.000115,0.963100,0.232234,low_freq,256,0.105461,0.078135,0.249408,0.752064,0.396835,1.096797,3.709935
llama-3.1-8b-instruct,Q,0,1.000000,-0.000141,-0.000114,high_freq,1024,0.186454,0.135910,0.537166,0.981481,0.355613,1.025686,2.301180
llama-3.1-8b-instruct,Q,1,0.865964,-0.000513,0.000381,high_freq,1024,0.163399,0.124979,0.449278,0.931520,0.349895,1.016625,3.960657
llama-3.1-8b-instruct,Q,2,0.749894,-0.000302,-0.000091,high_freq,1024,0.172873,0.135845,0.461190,0.959770,0.356125,1.042504,2.520373
llama-3.1-8b-instruct,Q,3,0.649382,-0.000082,0.000691,high_freq,1024,0.156739,0.120903,0.438670,0.906392,0.368653,1.052457,2.341528
llama-3.1-8b-instruct,Q,4,0.562341,-0.000657,0.000585,high_freq,1024,0.162622,0.125078,0.430365,0.857876,0.337832,0.959989,3.415153
llama-3.1-8b-instruct,Q,5,0.486968,-0.000345,0.000973,high_freq,1024,0.153879,0.121236,0.394937,0.925714,0.367197,1.094819,3.927403
llama-3.1-8b-instruct,Q,6,0.421697,-0.000354,-0.000042,high_freq,1024,0.158460,0.121595,0.432735,0.808706,0.351337,0.976691,3.805689
llama-3.1-8b-instruct,Q,7,0.365174,0.000207,0.000125,high_freq,1024,0.150736,0.119614,0.414286,0.787394,0.356213,1.068023,3.385469
llama-3.1-8b-instruct,Q,8,0.316228,0.000501,0.000498,high_freq,1024,0.149512,0.116437,0.391476,0.912598,0.364742,1.083243,3.763020
llama-3.1-8b-instruct,Q,9,0.273842,-0.000581,0.001707,high_freq,1024,0.141298,0.105147,0.395571,0.910975,0.352037,0.990894,3.350619
llama-3.1-8b-instruct,Q,10,0.237137,-0.000989,0.001734,high_freq,1024,0.142407,0.112090,0.397790,0.804666,0.380333,1.108451,2.869444
llama-3.1-8b-instruct,Q,11,0.205353,-0.000937,0.000196,high_freq,1024,0.142395,0.112225,0.372928,0.884533,0.352464,1.005809,3.799663
llama-3.1-8b-instruct,Q,12,0.177828,-0.000637,0.000035,high_freq,1024,0.136360,0.105488,0.368717,0.817094,0.371235,1.127119,3.038486
llama-3.1-8b-instruct,Q,13,0.153993,0.000591,0.002928,high_freq,1024,0.139645,0.108361,0.365349,0.841943,0.362598,1.013170,3.840883
llama-3.1-8b-instruct,Q,14,0.133352,-0.000775,0.000062,high_freq,1024,0.130789,0.106679,0.351211,0.761216,0.373780,1.090366,3.637570
llama-3.1-8b-instruct,Q,15,0.115478,0.001777,0.002740,high_freq,1024,0.139642,0.108094,0.361470,0.833226,0.352545,1.008757,4.007259
llama-3.1-8b-instruct,Q,16,0.100000,0.002108,0.001763,high_freq,1024,0.136481,0.103556,0.356844,0.820330,0.386132,1.123358,3.571307
llama-3.1-8b-instruct,Q,17,0.086596,0.000356,0.005570,high_freq,1024,0.134588,0.103405,0.373882,0.865236,0.354008,1.040256,2.667439
llama-3.1-8b-instruct,Q,18,0.074989,-0.002202,0.000644,high_freq,1024,0.130348,0.094580,0.346756,0.837152,0.357024,0.978537,2.878581
llama-3.1-8b-instruct,Q,19,0.064938,0.002888,0.005838,high_freq,1024,0.136647,0.103428,0.361345,0.889443,0.323735,0.868685,2.798752
llama-3.1-8b-instruct,Q,20,0.056234,-0.004023,0.006479,high_freq,1024,0.133989,0.104692,0.360908,0.893370,0.344031,0.988141,2.511712
llama-3.1-8b-instruct,Q,21,0.048697,-0.005259,0.004912,high_freq,1024,0.129629,0.097805,0.343951,0.705480,0.327898,0.884489,2.995420
llama-3.1-8b-instruct,Q,22,0.042170,-0.000137,0.011576,high_freq,1024,0.114798,0.082943,0.335676,0.918448,0.305364,0.927921,2.801638
llama-3.1-8b-instruct,Q,23,0.036517,-0.006439,0.004164,high_freq,1024,0.131410,0.100030,0.337766,0.909895,0.345931,1.000410,2.985817
llama-3.1-8b-instruct,Q,24,0.031623,-0.005526,0.013351,high_freq,1024,0.133226,0.098321,0.369727,0.961061,0.333582,0.945624,3.129686
llama-3.1-8b-instruct,Q,25,0.027384,-0.007252,0.003401,high_freq,1024,0.131327,0.100577,0.345905,0.905224,0.346942,1.097509,2.754121
llama-3.1-8b-instruct,Q,26,0.023714,0.002145,0.020309,high_freq,1024,0.125785,0.093698,0.360273,0.867203,0.318146,0.901311,2.773873
llama-3.1-8b-instruct,Q,27,0.020535,0.007325,0.021056,high_freq,1024,0.120533,0.088097,0.344991,0.845183,0.320191,0.953043,2.722657
llama-3.1-8b-instruct,Q,28,0.017783,-0.007991,0.025063,high_freq,1024,0.115618,0.084276,0.336559,0.835859,0.296515,0.882548,2.656333
llama-3.1-8b-instruct,Q,29,0.015399,0.003815,0.000527,high_freq,1024,0.114336,0.083127,0.320426,0.733902,0.361715,1.103278,3.126933
llama-3.1-8b-instruct,Q,30,0.013335,-0.017483,0.024473,high_freq,1024,0.120336,0.088818,0.338563,0.875874,0.305214,0.938385,2.771351
llama-3.1-8b-instruct,Q,31,0.011548,-0.004186,0.041912,high_freq,1024,0.109118,0.079473,0.308872,0.892673,0.292938,0.973499,2.572502
llama-3.1-8b-instruct,Q,32,0.010000,-0.003392,0.048624,high_freq,1024,0.116364,0.088092,0.312414,0.885435,0.290457,0.855859,2.529900
llama-3.1-8b-instruct,Q,33,0.008660,-0.022692,0.045249,high_freq,1024,0.125548,0.095682,0.335827,0.822828,0.448367,1.657061,3.152651
llama-3.1-8b-instruct,Q,34,0.007499,-0.021037,0.007504,high_freq,1024,0.117044,0.089137,0.308271,0.697833,0.378140,1.171308,2.464039
llama-3.1-8b-instruct,Q,35,0.006494,0.037170,0.033903,high_freq,1024,0.109710,0.083010,0.295112,0.819880,0.284984,0.832437,2.217782
llama-3.1-8b-instruct,Q,36,0.005623,-0.037860,0.065093,high_freq,1024,0.119110,0.092023,0.321844,0.920885,0.358034,1.215808,3.524116
llama-3.1-8b-instruct,Q,37,0.004870,0.044471,0.027461,high_freq,1024,0.123633,0.093637,0.355102,0.755194,0.449305,1.584116,4.600122
llama-3.1-8b-instruct,Q,38,0.004217,-0.058139,0.058002,high_freq,1024,0.131804,0.098509,0.365200,0.911614,0.668704,2.382722,3.977230
llama-3.1-8b-instruct,Q,39,0.003652,0.045170,0.115920,high_freq,1024,0.156638,0.104991,0.461407,0.876167,0.715552,2.407990,3.782803
llama-3.1-8b-instruct,Q,40,0.003162,0.029071,0.005782,high_freq,1024,0.159193,0.100380,0.499663,0.914229,0.544868,2.058484,3.942200
llama-3.1-8b-instruct,Q,41,0.002738,-0.087176,0.069373,high_freq,1024,0.164009,0.096572,0.605462,0.894167,0.422803,1.724228,3.088700
llama-3.1-8b-instruct,Q,42,0.002371,-0.029757,0.201586,high_freq,1024,0.162583,0.091853,0.650602,0.936138,0.379427,1.484251,3.000744
llama-3.1-8b-instruct,Q,43,0.002054,0.100528,0.181971,high_freq,1024,0.142945,0.092693,0.515372,0.955658,0.333743,1.247109,2.394806
llama-3.1-8b-instruct,Q,44,0.001778,0.115461,0.063392,high_freq,1024,0.142663,0.093039,0.501263,0.940517,0.321319,1.144899,2.427359
llama-3.1-8b-instruct,Q,45,0.001540,0.003861,0.000053,high_freq,1024,0.152260,0.100358,0.533310,0.963135,0.347384,1.297335,2.662213
llama-3.1-8b-instruct,Q,46,0.001334,-0.134071,0.058145,high_freq,1024,0.149842,0.097514,0.519126,0.868905,0.358251,1.223686,2.584594
llama-3.1-8b-instruct,Q,47,0.001155,-0.211624,0.207453,high_freq,1024,0.136370,0.091539,0.404194,0.913186,0.331975,0.990229,3.592700
llama-3.1-8b-instruct,Q,48,0.001000,-0.199597,0.385077,high_freq,1024,0.139223,0.104838,0.394216,0.877543,0.378749,1.154920,3.013275
llama-3.1-8b-instruct,Q,49,0.000866,-0.111657,0.540910,high_freq,1024,0.143020,0.104397,0.422547,0.924536,0.370794,1.167051,3.473925
llama-3.1-8b-instruct,Q,50,0.000750,0.022292,0.650353,high_freq,1024,0.133199,0.101553,0.382779,0.737344,0.391906,1.145286,3.761360
llama-3.1-8b-instruct,Q,51,0.000649,0.173724,0.709245,high_freq,1024,0.137324,0.099399,0.372702,0.824865,0.383011,1.181342,3.325232
llama-3.1-8b-instruct,Q,52,0.000562,0.322370,0.724679,high_freq,1024,0.127203,0.096905,0.368920,0.862324,0.372567,1.095196,4.101614
llama-3.1-8b-instruct,Q,53,0.000487,0.456647,0.707750,high_freq,1024,0.139626,0.097267,0.396815,0.974419,0.382520,1.066349,3.999327
llama-3.1-8b-instruct,Q,54,0.000422,0.571593,0.669410,low_freq,1024,0.129366,0.100652,0.348854,0.894941,0.372643,1.101624,2.972919
llama-3.1-8b-instruct,Q,55,0.000365,0.666452,0.618679,low_freq,1024,0.126796,0.095540,0.351545,0.870768,0.376543,1.091547,3.704732
llama-3.1-8b-instruct,Q,56,0.000316,0.742743,0.562238,low_freq,1024,0.134157,0.097026,0.387690,0.874959,0.407642,1.194618,3.612757
llama-3.1-8b-instruct,Q,57,0.000274,0.802978,0.504661,low_freq,1024,0.130632,0.094737,0.378799,0.977387,0.397420,1.118957,3.077768
llama-3.1-8b-instruct,Q,58,0.000237,0.849905,0.448857,low_freq,1024,0.130582,0.099229,0.346069,0.891885,0.384087,1.158810,3.086335
llama-3.1-8b-instruct,Q,59,0.000205,0.886105,0.396526,low_freq,1024,0.123407,0.091506,0.332140,0.996437,0.398842,1.128644,3.543958
llama-3.1-8b-instruct,Q,60,0.000178,0.913831,0.348535,low_freq,1024,0.129965,0.099919,0.350404,0.938118,0.376042,1.201224,2.944335
llama-3.1-8b-instruct,Q,61,0.000154,0.934951,0.305203,low_freq,1024,0.125578,0.093524,0.347518,0.997608,0.395276,1.142898,2.757661
llama-3.1-8b-instruct,Q,62,0.000133,0.950977,0.266509,low_freq,1024,0.130557,0.099878,0.363674,0.909550,0.384998,1.080057,4.070089
llama-3.1-8b-instruct,Q,63,0.000115,0.963100,0.232234,low_freq,1024,0.131140,0.093023,0.354739,0.985976,0.371631,1.026937,4.678848
llama-3.1-8b-instruct,K,0,1.000000,-0.000141,-0.000114,high_freq,256,0.297025,0.245596,0.692241,0.931633,0.662786,1.427714,2.309475
llama-3.1-8b-instruct,K,1,0.865964,-0.000513,0.000381,high_freq,256,0.255527,0.214084,0.616403,0.865839,0.534488,1.444236,2.186786
llama-3.1-8b-instruct,K,2,0.749894,-0.000302,-0.000091,high_freq,256,0.276265,0.251185,0.647985,0.783657,0.583683,1.665871,2.670022
llama-3.1-8b-instruct,K,3,0.649382,-0.000082,0.000691,high_freq,256,0.280871,0.249839,0.645084,0.846922,0.569304,1.573362,2.928919
llama-3.1-8b-instruct,K,4,0.562341,-0.000657,0.000585,high_freq,256,0.260615,0.233706,0.590527,0.887840,0.543551,1.494203,2.758524
llama-3.1-8b-instruct,K,5,0.486968,-0.000345,0.000973,high_freq,256,0.257097,0.219005,0.648577,0.834383,0.559968,1.374106,3.699688
llama-3.1-8b-instruct,K,6,0.421697,-0.000354,-0.000042,high_freq,256,0.242025,0.216092,0.561470,0.885929,0.544138,1.479553,2.794182
llama-3.1-8b-instruct,K,7,0.365174,0.000207,0.000125,high_freq,256,0.242962,0.211477,0.636565,0.838517,0.542560,1.447771,3.249483
llama-3.1-8b-instruct,K,8,0.316228,0.000501,0.000498,high_freq,256,0.220851,0.177554,0.539917,0.841179,0.527728,1.450438,2.821650
llama-3.1-8b-instruct,K,9,0.273842,-0.000581,0.001707,high_freq,256,0.209145,0.160826,0.535713,0.787452,0.517734,1.358283,2.442883
llama-3.1-8b-instruct,K,10,0.237137,-0.000989,0.001734,high_freq,256,0.217785,0.201827,0.494149,0.831368,0.533920,1.415720,2.586254
llama-3.1-8b-instruct,K,11,0.205353,-0.000937,0.000196,high_freq,256,0.221148,0.184003,0.503721,0.871967,0.513269,1.476887,2.421693
llama-3.1-8b-instruct,K,12,0.177828,-0.000637,0.000035,high_freq,256,0.220081,0.191980,0.533310,0.789584,0.610076,1.564135,4.293337
llama-3.1-8b-instruct,K,13,0.153993,0.000591,0.002928,high_freq,256,0.183826,0.148049,0.467204,0.783114,0.555193,1.371469,3.356587
llama-3.1-8b-instruct,K,14,0.133352,-0.000775,0.000062,high_freq,256,0.199098,0.160639,0.497001,0.831265,0.544142,1.450726,3.141044
llama-3.1-8b-instruct,K,15,0.115478,0.001777,0.002740,high_freq,256,0.199526,0.164428,0.515336,0.912404,0.548535,1.580108,2.666345
llama-3.1-8b-instruct,K,16,0.100000,0.002108,0.001763,high_freq,256,0.183193,0.141725,0.489809,0.668249,0.525084,1.586918,2.854733
llama-3.1-8b-instruct,K,17,0.086596,0.000356,0.005570,high_freq,256,0.193949,0.153017,0.544689,0.881333,0.513132,1.414430,2.308706
llama-3.1-8b-instruct,K,18,0.074989,-0.002202,0.000644,high_freq,256,0.173021,0.138664,0.437327,0.700231,0.511482,1.358873,2.179365
llama-3.1-8b-instruct,K,19,0.064938,0.002888,0.005838,high_freq,256,0.161393,0.123802,0.435736,0.752319,0.531133,1.473271,3.505950
llama-3.1-8b-instruct,K,20,0.056234,-0.004023,0.006479,high_freq,256,0.158947,0.123880,0.416164,0.802270,0.508346,1.307001,2.526983
llama-3.1-8b-instruct,K,21,0.048697,-0.005259,0.004912,high_freq,256,0.164462,0.136246,0.424478,0.837753,0.522188,1.331534,2.583789
llama-3.1-8b-instruct,K,22,0.042170,-0.000137,0.011576,high_freq,256,0.227787,0.181355,0.597469,0.850513,0.730331,1.675654,3.443036
llama-3.1-8b-instruct,K,23,0.036517,-0.006439,0.004164,high_freq,256,0.166073,0.131711,0.435959,0.667359,0.486328,1.394521,2.992478
llama-3.1-8b-instruct,K,24,0.031623,-0.005526,0.013351,high_freq,256,0.151210,0.122085,0.404009,0.735461,0.493614,1.379858,3.455317
llama-3.1-8b-instruct,K,25,0.027384,-0.007252,0.003401,high_freq,256,0.144232,0.112464,0.389814,0.656056,0.511549,1.593542,3.062251
llama-3.1-8b-instruct,K,26,0.023714,0.002145,0.020309,high_freq,256,0.121367,0.098576,0.322066,0.729526,0.502628,1.544128,3.847831
llama-3.1-8b-instruct,K,27,0.020535,0.007325,0.021056,high_freq,256,0.126883,0.102085,0.314360,0.486140,0.507741,1.619733,3.612485
llama-3.1-8b-instruct,K,28,0.017783,-0.007991,0.025063,high_freq,256,0.125727,0.103114,0.300235,0.502596,0.508912,1.557393,3.419427
llama-3.1-8b-instruct,K,29,0.015399,0.003815,0.000527,high_freq,256,0.121258,0.084442,0.351023,0.649914,0.630085,2.229153,4.104724
llama-3.1-8b-instruct,K,30,0.013335,-0.017483,0.024473,high_freq,256,0.111651,0.087910,0.289250,0.498326,0.437138,1.493114,3.049979
llama-3.1-8b-instruct,K,31,0.011548,-0.004186,0.041912,high_freq,256,0.108911,0.084171,0.291970,0.511686,0.499456,1.818855,3.554082
llama-3.1-8b-instruct,K,32,0.010000,-0.003392,0.048624,high_freq,256,0.109396,0.091099,0.277754,0.426506,0.415770,1.360738,2.815603
llama-3.1-8b-instruct,K,33,0.008660,-0.022692,0.045249,high_freq,256,0.126057,0.089923,0.342805,0.700418,0.756295,2.345904,4.215964
llama-3.1-8b-instruct,K,34,0.007499,-0.021037,0.007504,high_freq,256,0.125859,0.091884,0.339970,0.544648,0.549493,1.930124,3.141067
llama-3.1-8b-instruct,K,35,0.006494,0.037170,0.033903,high_freq,256,0.111403,0.085540,0.308925,0.577101,0.357446,1.347780,1.930864
llama-3.1-8b-instruct,K,36,0.005623,-0.037860,0.065093,high_freq,256,0.100555,0.080577,0.264761,0.788056,0.432320,1.568126,3.686027
llama-3.1-8b-instruct,K,37,0.004870,0.044471,0.027461,high_freq,256,0.099929,0.068887,0.306479,0.647349,0.548313,2.093802,4.053157
llama-3.1-8b-instruct,K,38,0.004217,-0.058139,0.058002,high_freq,256,0.132009,0.098755,0.389525,0.734237,0.825779,2.879510,3.871434
llama-3.1-8b-instruct,K,39,0.003652,0.045170,0.115920,high_freq,256,0.141822,0.097412,0.418047,0.707396,0.902321,2.925884,4.425371
llama-3.1-8b-instruct,K,40,0.003162,0.029071,0.005782,high_freq,256,0.135837,0.082086,0.451137,0.747744,0.691265,2.572561,3.698414
llama-3.1-8b-instruct,K,41,0.002738,-0.087176,0.069373,high_freq,256,0.143158,0.089337,0.490792,0.805853,0.549613,2.502703,3.463185
llama-3.1-8b-instruct,K,42,0.002371,-0.029757,0.201586,high_freq,256,0.133426,0.089334,0.496020,0.781220,0.494500,2.382780,3.233839
llama-3.1-8b-instruct,K,43,0.002054,0.100528,0.181971,high_freq,256,0.132680,0.088502,0.465236,0.864340,0.387974,1.605573,2.830792
llama-3.1-8b-instruct,K,44,0.001778,0.115461,0.063392,high_freq,256,0.132126,0.087619,0.549140,0.768642,0.389712,1.556189,2.637245
llama-3.1-8b-instruct,K,45,0.001540,0.003861,0.000053,high_freq,256,0.128210,0.074349,0.515205,0.919023,0.423951,1.639188,4.909244
llama-3.1-8b-instruct,K,46,0.001334,-0.134071,0.058145,high_freq,256,0.139449,0.095806,0.469622,0.927464,0.404043,1.487526,4.287827
llama-3.1-8b-instruct,K,47,0.001155,-0.211624,0.207453,high_freq,256,0.115581,0.080087,0.357173,0.870253,0.385267,1.115587,3.907867
llama-3.1-8b-instruct,K,48,0.001000,-0.199597,0.385077,high_freq,256,0.118205,0.091457,0.300435,0.896843,0.435832,1.306399,3.608206
llama-3.1-8b-instruct,K,49,0.000866,-0.111657,0.540910,high_freq,256,0.117841,0.080726,0.363407,0.928575,0.384677,1.296767,2.579773
llama-3.1-8b-instruct,K,50,0.000750,0.022292,0.650353,high_freq,256,0.105034,0.074232,0.286968,0.680341,0.403373,1.226531,2.891725
llama-3.1-8b-instruct,K,51,0.000649,0.173724,0.709245,high_freq,256,0.104372,0.075387,0.251920,0.930150,0.408213,1.373436,2.465038
llama-3.1-8b-instruct,K,52,0.000562,0.322370,0.724679,high_freq,256,0.094060,0.068891,0.242898,0.624381,0.389553,1.075563,2.784868
llama-3.1-8b-instruct,K,53,0.000487,0.456647,0.707750,high_freq,256,0.115299,0.078727,0.355680,0.970467,0.404094,1.156252,3.441178
llama-3.1-8b-instruct,K,54,0.000422,0.571593,0.669410,low_freq,256,0.102443,0.084507,0.253075,0.625186,0.424141,1.264266,4.737109
llama-3.1-8b-instruct,K,55,0.000365,0.666452,0.618679,low_freq,256,0.099778,0.071773,0.249668,0.900220,0.376794,1.195971,1.985399
llama-3.1-8b-instruct,K,56,0.000316,0.742743,0.562238,low_freq,256,0.103033,0.078043,0.301250,0.642062,0.443943,1.371503,3.248966
llama-3.1-8b-instruct,K,57,0.000274,0.802978,0.504661,low_freq,256,0.110065,0.079727,0.284884,0.969339,0.387318,1.265098,3.746937
llama-3.1-8b-instruct,K,58,0.000237,0.849905,0.448857,low_freq,256,0.102649,0.075232,0.266762,0.823736,0.399784,1.116511,3.444792
llama-3.1-8b-instruct,K,59,0.000205,0.886105,0.396526,low_freq,256,0.103928,0.077691,0.296818,0.998040,0.400771,1.251953,3.512693
llama-3.1-8b-instruct,K,60,0.000178,0.913831,0.348535,low_freq,256,0.104029,0.075841,0.298177,0.733243,0.385805,1.140240,3.901637
llama-3.1-8b-instruct,K,61,0.000154,0.934951,0.305203,low_freq,256,0.108327,0.071130,0.302204,0.999318,0.386296,1.309362,2.727468
llama-3.1-8b-instruct,K,62,0.000133,0.950977,0.266509,low_freq,256,0.104950,0.078850,0.292772,0.734162,0.386035,1.115469,2.841637
llama-3.1-8b-instruct,K,63,0.000115,0.963100,0.232234,low_freq,256,0.106336,0.077023,0.253466,0.750217,0.404390,1.170930,3.741623
